company,location,industry,total_laid_off,percentage_laid_off,date,stage,country,funds_raised_millions
Alerzo,Ibadan,Retail,400,NULL,2023-03-06,"Series B",Nigeria,16
Atlassian,Sydney,Other,500,0.0500,2023-03-06,Post-IPO,Australia,210
SiriusXM,"New York City",Media,475,0.0800,2023-03-06,Post-IPO,"United States",525
UpGrad,Mumbai,Education,120,NULL,2023-03-06,Unknown,India,631
Airbnb,"SF Bay Area",Travel,30,NULL,2023-03-03,Post-IPO,"United States",6400
"Embark Trucks","SF Bay Area",Transportation,230,0.7000,2023-03-03,Post-IPO,"United States",317
Lendi,Sydney,"Real Estate",100,NULL,2023-03-03,Unknown,Australia,59
Loft,"Sao Paulo","Real Estate",340,0.1500,2023-03-03,Unknown,Brazil,788
UserTesting,"SF Bay Area",Marketing,63,NULL,2023-03-03,Acquired,"United States",152
"Ambev Tech",Blumenau,Food,50,NULL,2023-03-02,Acquired,Brazil,NULL
CNET,"SF Bay Area",Media,12,0.1000,2023-03-02,Acquired,"United States",20
Fittr,Pune,Fitness,30,0.1100,2023-03-02,"Series A",India,13
Kandela,"Los Angeles",Consumer,NULL,1.0000,2023-03-02,Acquired,"United States",NULL
MasterClass,"SF Bay Area",Education,79,NULL,2023-03-02,"Series E","United States",461
Zscaler,"SF Bay Area",Security,177,0.0300,2023-03-02,Post-IPO,"United States",148
"Color Health","SF Bay Area",Healthcare,300,NULL,2023-03-01,"Series E","United States",482
iFood,"Sao Paulo",Food,355,0.0600,2023-03-01,Subsidiary,Brazil,2100
PayFit,Paris,HR,200,0.2000,2023-03-01,"Series E",France,495
"Protego Trust Bank",Seattle,Crypto,NULL,0.5000,2023-03-01,"Series A","United States",70
Sonder,"SF Bay Area",Travel,100,0.1400,2023-03-01,Post-IPO,"United States",839
Thoughtworks,Chicago,Other,500,0.0400,2023-03-01,Post-IPO,"United States",748
Waymo,"SF Bay Area",Transportation,209,0.0800,2023-03-01,Subsidiary,"United States",5500
Yellow.ai,"SF Bay Area",Support,200,NULL,2023-03-01,"Series C","United States",102
"DUX Education",Bengaluru,Education,NULL,1.0000,2023-02-28,Unknown,India,NULL
"Electronic Arts","Baton Rouge",Consumer,200,NULL,2023-02-28,Post-IPO,"United States",2
Eventbrite,"SF Bay Area",Consumer,80,0.0800,2023-02-28,Post-IPO,"United States",557
MeridianLink,"Los Angeles",Finance,NULL,0.0900,2023-02-28,Post-IPO,"United States",485
Amount,Chicago,Finance,130,0.2500,2023-02-27,Unknown,"United States",283
Cerebral,"SF Bay Area",Healthcare,285,0.1500,2023-02-27,"Series C","United States",462
Outreach,Seattle,Sales,70,0.0700,2023-02-27,"Series G","United States",489
Palantir,Denver,Data,75,0.0200,2023-02-27,Post-IPO,"United States",3000
"Sono Motors",Munich,Transportation,300,NULL,2023-02-27,Post-IPO,Germany,126
Stytch,"SF Bay Area",Security,19,0.2500,2023-02-27,"Series B","United States",126
BitSight,"Tel Aviv",Security,40,NULL,2023-02-26,Unknown,Israel,401
Twitter,"SF Bay Area",Consumer,200,0.1000,2023-02-25,Post-IPO,"United States",12900
"Eat Just","SF Bay Area",Food,40,NULL,2023-02-24,Unknown,"United States",465
Ericsson,Stockholm,Other,8500,0.0800,2023-02-24,Post-IPO,Sweden,663
"Lucira Health","SF Bay Area",Healthcare,26,NULL,2023-02-24,Post-IPO,"United States",132
Medallia,"SF Bay Area",Support,59,NULL,2023-02-24,Acquired,"United States",325
Poshmark,"SF Bay Area",Retail,NULL,0.0200,2023-02-24,Acquired,"United States",153
"SAP Labs",Bengaluru,Other,300,NULL,2023-02-24,Subsidiary,India,1300
Stax,Orlando,Finance,24,NULL,2023-02-24,"Series D","United States",263
"Velodyne Lidar","SF Bay Area",Transportation,220,NULL,2023-02-24,Acquired,"United States",575
"Dapper Labs",Vancouver,Crypto,NULL,0.2000,2023-02-23,"Series D","United States",607
EVgo,"Los Angeles",Transportation,40,NULL,2023-02-23,Post-IPO,"United States",400
Merative,"Ann Arbor",Healthcare,200,0.1000,2023-02-23,Acquired,"United States",NULL
Messari,"New York City",Crypto,NULL,0.1500,2023-02-23,"Series B","United States",61
OneFootball,Berlin,Marketing,150,0.3200,2023-02-23,"Series D",Germany,442
StrongDM,"SF Bay Area",Infrastructure,40,NULL,2023-02-23,"Series B","United States",76
"The Iconic",Sydney,Retail,69,0.0600,2023-02-23,Unknown,Australia,NULL
"Vibrent Health","Washington D.C.",Healthcare,NULL,0.1300,2023-02-23,Unknown,"United States",NULL
Immutable,Sydney,Crypto,NULL,0.1100,2023-02-22,"Series C",Australia,279
"Jounce Therapeutics",Boston,Healthcare,NULL,0.5700,2023-02-22,Acquired,"United States",194
Locomation,Pittsburgh,Transportation,NULL,1.0000,2023-02-22,Seed,"United States",57
Synamedia,London,Media,200,0.1200,2023-02-22,Unknown,"United Kingdom",NULL
TaskUs,"San Antonio",Support,186,NULL,2023-02-22,Post-IPO,"United States",279
Bolt,Lagos,Transportation,17,NULL,2023-02-21,"Series F",Nigeria,NULL
Crunchyroll,Tokyo,Media,85,NULL,2023-02-21,Unknown,Japan,26
"Ethos Life","SF Bay Area",Finance,50,NULL,2023-02-21,"Series D","United States",406
Polygon,Bengaluru,Crypto,100,0.2000,2023-02-21,Unknown,India,451
Fipola,Chennai,Food,NULL,1.0000,2023-02-20,"Series A","United States",9
Fireblocks,"New York City",Crypto,30,0.0500,2023-02-20,"Series E","United States",1000
Kinde,Sydney,Other,8,0.2800,2023-02-20,Seed,Australia,10
MyGate,Bengaluru,Other,200,0.3000,2023-02-20,"Series B",India,79
HP,"Tel Aviv",Hardware,100,NULL,2023-02-19,Post-IPO,Israel,4200
"Chipper Cash","SF Bay Area",Finance,100,0.3300,2023-02-17,"Series C","United States",302
Evernote,"SF Bay Area",Consumer,129,NULL,2023-02-17,Acquired,"United States",290
Tencent,Shenzen,Consumer,300,NULL,2023-02-17,Post-IPO,China,12600
DocuSign,"SF Bay Area",Sales,680,0.1000,2023-02-16,Post-IPO,"United States",536
"Pico Interactive","SF Bay Area",Other,400,0.2000,2023-02-16,Acquired,"United States",62
Smartsheet,Seattle,Other,85,0.0300,2023-02-16,Post-IPO,"United States",152
"The RealReal","SF Bay Area",Retail,230,0.0700,2023-02-16,Post-IPO,"United States",356
Betterment,"New York City",Finance,28,NULL,2023-02-15,"Series F","United States",435
DigitalOcean,"New York City",Infrastructure,200,0.1100,2023-02-15,Post-IPO,"United States",491
Jellysmack,Paris,Media,208,NULL,2023-02-15,"Series C",France,22
Milkrun,Sydney,Food,NULL,0.2000,2023-02-15,"Series A",Australia,86
Momentive,"SF Bay Area",Marketing,NULL,0.1400,2023-02-15,Post-IPO,"United States",1100
Neon,"Sao Paulo",Finance,210,0.0900,2023-02-15,"Series D",Brazil,720
ServiceTitan,"Los Angeles",Sales,221,0.0800,2023-02-15,"Series G","United States",1100
Sprinklr,"New York City",Support,100,0.0400,2023-02-15,Post-IPO,"United States",429
Tackle,Boise,Other,NULL,0.1500,2023-02-15,"Series C","United States",148
"Vicarious Surgical",Boston,Healthcare,NULL,0.1400,2023-02-15,Post-IPO,"United States",185
Wix,"Tel Aviv",Marketing,370,0.0600,2023-02-15,Post-IPO,Israel,58
CommerceHub,Albany,Retail,371,0.3100,2023-02-14,Acquired,"United States",NULL
HackerEarth,"SF Bay Area",HR,NULL,0.0800,2023-02-14,"Series B","United States",11
PhableCare,Bengaluru,Healthcare,NULL,0.7000,2023-02-14,"Series B",India,40
Udemy,"SF Bay Area",Education,NULL,0.1000,2023-02-14,Post-IPO,"United States",311
Casavo,Milan,"Real Estate",NULL,0.3000,2023-02-13,Unknown,Italy,708
"Collective Health","SF Bay Area",Healthcare,54,NULL,2023-02-13,"Series F","United States",719
Electric,"New York City",Other,141,0.2500,2023-02-13,"Series D","United States",212
"EMX Digital","New York City",Marketing,100,1.0000,2023-02-13,Unknown,"United States",NULL
iRobot,Boston,Consumer,85,0.0700,2023-02-13,Acquired,"United States",30
"Magic Eden","SF Bay Area",Crypto,22,NULL,2023-02-13,"Series B","United States",170
PetLove,"Sao Paulo",Retail,94,NULL,2023-02-13,"Series C",Brazil,225
Twilio,"SF Bay Area",Other,1500,0.1700,2023-02-13,Post-IPO,"United States",614
Moladin,Jakarta,Transportation,360,0.1100,2023-02-12,"Series B",Indonesia,138
"Rigetti Computing","SF Bay Area",Hardware,NULL,0.2800,2023-02-10,Post-IPO,"United States",298
"TikTok India",Mumbai,Consumer,40,NULL,2023-02-10,Acquired,India,9400
TripleLift,"New York City",Marketing,100,0.2000,2023-02-10,Acquired,"United States",16
Bark,"New York City",Retail,126,0.1200,2023-02-09,Post-IPO,"United States",NULL
Deliveroo,London,Food,350,0.0900,2023-02-09,Post-IPO,"United Kingdom",1700
GitHub,"SF Bay Area",Product,NULL,0.1000,2023-02-09,Acquired,"United States",350
GitLab,"SF Bay Area",Product,130,0.0700,2023-02-09,Post-IPO,"United States",413
"Misfits Market",Philadelphia,Food,649,0.3300,2023-02-09,"Series C","United States",526
"Nomad Health","New York City",Healthcare,119,0.1700,2023-02-09,Unknown,"United States",218
"Olive AI",Columbus,Healthcare,215,0.3500,2023-02-09,"Series H","United States",856
Oportun,"SF Bay Area",Finance,155,0.1000,2023-02-09,Post-IPO,"United States",566
"REE Automotive","Tel Aviv",Transportation,31,0.1100,2023-02-09,Post-IPO,Israel,317
Veriff,Tallinn,Security,66,0.1200,2023-02-09,"Series C",Estonia,192
WeTrade,Bengaluru,Crypto,NULL,1.0000,2023-02-09,Unknown,India,NULL
Yahoo,"SF Bay Area",Consumer,1600,0.2000,2023-02-09,Acquired,"United States",6
Affirm,"SF Bay Area",Finance,500,0.1900,2023-02-08,Post-IPO,"United States",1500
Baraja,Sydney,Transportation,NULL,0.7500,2023-02-08,Unknown,Australia,63
"Beam Benefits",Columbus,Healthcare,31,0.0800,2023-02-08,"Series E","United States",168
Equitybee,"SF Bay Area",Finance,24,0.2500,2023-02-08,"Series B","United States",85
GoDaddy,Phoenix,Marketing,530,0.0800,2023-02-08,Post-IPO,"United States",800
Gong,"SF Bay Area",Sales,80,0.0700,2023-02-08,"Series E","United States",583
Gusto,"SF Bay Area",HR,126,0.0500,2023-02-08,"Series E","United States",746
Koho,Toronto,Finance,NULL,0.1400,2023-02-08,"Series D",Canada,278
Medly,"New York City",Healthcare,NULL,1.0000,2023-02-08,"Series C","United States",100
Nearmap,Sydney,Construction,NULL,0.2000,2023-02-08,Acquired,Australia,15
eBay,"SF Bay Area",Retail,500,0.0400,2023-02-07,Post-IPO,"United States",1200
LearnUpon,Dublin,Education,27,0.0900,2023-02-07,"Private Equity",Ireland,56
Openpay,Melbourne,Finance,83,1.0000,2023-02-07,Post-IPO,Australia,299
Salesloft,Atlanta,Sales,100,0.1000,2023-02-07,Acquired,"United States",245
"Sana Benefits",Austin,HR,NULL,0.1900,2023-02-07,"Series B","United States",106
SecureWorks,Atlanta,Security,212,0.0900,2023-02-07,Post-IPO,"United States",83
Zoom,"SF Bay Area",Other,1300,0.1500,2023-02-07,Post-IPO,"United States",276
Catch.com.au,Melbourne,Retail,100,NULL,2023-02-06,Acquired,Australia,80
Clari,"SF Bay Area",Sales,20,NULL,2023-02-06,"Series F","United States",496
Daraz,Singapore,Retail,NULL,0.1100,2023-02-06,Unknown,Singapore,NULL
Dell,Austin,Hardware,6650,0.0500,2023-02-06,Post-IPO,"United States",NULL
Drift,Boston,Marketing,59,NULL,2023-02-06,Acquired,"United States",107
Loggi,"Sao Paulo",Logistics,300,0.0700,2023-02-06,"Series F",Brazil,507
"Pocket Aces",Mumbai,Media,50,0.2500,2023-02-06,Unknown,India,19
"VinFast US","Los Angeles",Transportation,80,NULL,2023-02-06,Subsidiary,"United States",NULL
Kyruus,Boston,Healthcare,70,NULL,2023-02-05,Unknown,"United States",183
Lightico,"Tel Aviv",Finance,20,0.2500,2023-02-05,"Series B",Israel,42
FarEye,"New Delhi",Logistics,90,NULL,2023-02-03,"Series E",India,150
Finder,Sydney,Retail,NULL,0.1500,2023-02-03,Unknown,Australia,30
"Protocol Labs","SF Bay Area",Crypto,89,0.2000,2023-02-03,Unknown,"United States",10
Articulate,"New York City",Education,38,NULL,2023-02-02,"Series A","United States",1500
Autodesk,"SF Bay Area",Other,250,0.0200,2023-02-02,Post-IPO,"United States",NULL
Bittrex,Seattle,Crypto,80,NULL,2023-02-02,Unknown,"United States",NULL
Byju's,Bengaluru,Education,1500,NULL,2023-02-02,"Private Equity",India,5500
Getaround,"SF Bay Area",Transportation,NULL,0.1000,2023-02-02,Post-IPO,"United States",948
Getir,"New York City",Food,100,NULL,2023-02-02,"Series E","United States",1800
Highspot,Seattle,Sales,100,0.1000,2023-02-02,"Series F","United States",644
Mindstrong,"SF Bay Area",Healthcare,127,NULL,2023-02-02,"Series C","United States",160
Miro,"SF Bay Area",Other,119,0.0700,2023-02-02,"Series C","United States",476
"NCC Group",Manchester,Security,125,0.0700,2023-02-02,Post-IPO,"United Kingdom",NULL
NCSoft,Seoul,Consumer,NULL,0.2000,2023-02-02,Post-IPO,"South Korea",240
Okta,"SF Bay Area",Security,300,0.0500,2023-02-02,Post-IPO,"United States",1200
Snowplow,London,Data,40,NULL,2023-02-02,"Series B","United States",55
Appgate,Miami,Security,34,0.0800,2023-02-01,Post-IPO,"United States",NULL
"Bustle Digital Group","New York City",Media,NULL,0.0800,2023-02-01,"Series E","United States",80
Chainalysis,"New York City",Crypto,44,0.0500,2023-02-01,"Series F","United States",536
Cyren,"Washington D.C.",Security,121,NULL,2023-02-01,Post-IPO,"United States",161
DraftKings,Boston,Consumer,140,0.0400,2023-02-01,Post-IPO,"United States",719
Exterro,Portland,Legal,24,0.0300,2023-02-01,"Private Equity","United States",100
"Frequency Therapeutics",Boston,Healthcare,NULL,0.5000,2023-02-01,Post-IPO,"United States",76
MariaDB,Helsinki,Data,NULL,0.0800,2023-02-01,Post-IPO,Finland,245
"Match Group","New York City",Consumer,NULL,0.0800,2023-02-01,Post-IPO,"United States",NULL
Pinterest,"SF Bay Area",Consumer,150,NULL,2023-02-01,Post-IPO,"United States",1500
Rivian,Detroit,Transportation,NULL,0.0600,2023-02-01,Post-IPO,"United States",10700
Splunk,"SF Bay Area",Data,325,0.0400,2023-02-01,Post-IPO,"United States",2400
TheSkimm,"New York City",Media,17,0.1000,2023-02-01,"Series C","United States",28
VerticalScope,Toronto,Media,60,0.2200,2023-02-01,Post-IPO,Canada,NULL
Wheel,Austin,Healthcare,56,0.2800,2023-02-01,"Series C","United States",215
Workato,"SF Bay Area",Other,90,0.1000,2023-02-01,"Series E","United States",415
AU10TIX,"Tel Aviv",Security,19,0.0900,2023-01-31,Unknown,Israel,80
Gokada,Lagos,Transportation,54,NULL,2023-01-31,Unknown,Nigeria,12
HubSpot,Boston,Marketing,500,0.0700,2023-01-31,Post-IPO,"United States",100
"National Instruments",Austin,Hardware,NULL,0.0400,2023-01-31,Post-IPO,"United States",NULL
NetApp,"SF Bay Area",Data,960,0.0800,2023-01-31,Post-IPO,"United States",NULL
OpenText,Waterloo,Data,NULL,0.0800,2023-01-31,Post-IPO,Canada,1100
PayPal,"SF Bay Area",Finance,2000,0.0700,2023-01-31,Post-IPO,"United States",216
"Software AG",Frankfurt,Data,200,0.0400,2023-01-31,Post-IPO,Germany,344
"Tilting Point","New York City",Consumer,60,0.1400,2023-01-31,Unknown,"United States",235
Upstart,"SF Bay Area",Finance,365,0.2000,2023-01-31,Post-IPO,"United States",144
Wefox,Berlin,Finance,100,NULL,2023-01-31,"Series D",Germany,1300
Wish,"SF Bay Area",Retail,150,0.1700,2023-01-31,Post-IPO,"United States",1600
Workday,"SF Bay Area",HR,525,0.0300,2023-01-31,Post-IPO,"United States",230
Arrival,London,Transportation,800,0.5000,2023-01-30,Post-IPO,"United Kingdom",629
"BM Technologies",Philadelphia,Finance,NULL,0.2500,2023-01-30,Post-IPO,"United States",NULL
Chrono24,Karlsruhe,Retail,65,0.1300,2023-01-30,"Series C",Germany,205
"Delivery Hero",Berlin,Food,156,0.0400,2023-01-30,Post-IPO,Germany,9900
Glovo,Barcelona,Food,250,0.0600,2023-01-30,Acquired,Spain,1200
Groupon,Chicago,Retail,500,NULL,2023-01-30,Post-IPO,"United States",1400
"Impossible Foods copy","SF Bay Area",Food,140,0.2000,2023-01-30,"Series H","United States",1900
Intel,"SF Bay Area",Hardware,343,NULL,2023-01-30,Post-IPO,"United States",12
"OLX Group",Amsterdam,Marketing,1500,0.1500,2023-01-30,Acquired,Netherlands,NULL
Philips,Amsterdam,Healthcare,6000,0.1300,2023-01-30,Post-IPO,Netherlands,NULL
"Prime Trust","Las Vegas",Crypto,NULL,0.3300,2023-01-30,"Series B","United States",176
"Quantum SI","New Haven",Healthcare,NULL,0.1200,2023-01-30,Post-IPO,"United States",425
CoinTracker,"SF Bay Area",Crypto,19,NULL,2023-01-28,"Series A","United States",101
"Me Poupe","Sao Paulo",Finance,60,0.5000,2023-01-28,Unknown,Brazil,NULL
#Paid,Toronto,Marketing,19,0.1700,2023-01-27,"Series B",Canada,21
DealShare,Bengaluru,Retail,100,0.0600,2023-01-27,"Series E",India,390
Heycar,Berlin,Transportation,73,NULL,2023-01-27,Unknown,Germany,NULL
Matrixport,Singapore,Crypto,29,0.1000,2023-01-27,"Series C",Singapore,100
Ruggable,"Los Angeles",Retail,100,NULL,2023-01-27,Seed,"United States",NULL
Shakepay,Montreal,Crypto,21,0.2500,2023-01-27,"Series A",Canada,45
SSense,Montreal,Retail,138,0.0700,2023-01-27,"Series A",Canada,NULL
Synopsys,"SF Bay Area",Other,100,NULL,2023-01-27,Post-IPO,"United States",NULL
Confluent,"SF Bay Area",Data,221,0.0800,2023-01-26,Post-IPO,"United States",455
DriveWealth,"Jersey City",Finance,NULL,0.2000,2023-01-26,"Series D","United States",550
"Mode Global",London,Finance,NULL,1.0000,2023-01-26,Post-IPO,"United Kingdom",NULL
"Plus One Robotics","San Antonio",Other,NULL,0.1000,2023-01-26,"Series B","United States",43
SAP,Walldorf,Other,3000,0.0300,2023-01-26,Post-IPO,Germany,1300
"Clear Capital",Reno,"Real Estate",250,0.2500,2023-01-25,Unknown,"United States",NULL
"Guardant Health","SF Bay Area",Healthcare,130,0.0700,2023-01-25,Post-IPO,"United States",550
IBM,"New York City",Hardware,3900,0.0200,2023-01-25,Post-IPO,"United States",NULL
"Lam Research","SF Bay Area",Hardware,1300,0.0700,2023-01-25,Post-IPO,"United States",NULL
Luno,London,Crypto,330,0.3500,2023-01-25,Acquired,"United Kingdom",13
PagSeguro,"Sao Paulo",Finance,NULL,0.0700,2023-01-25,Post-IPO,Brazil,NULL
Prosus,Amsterdam,Other,NULL,0.3000,2023-01-25,Unknown,Netherlands,NULL
Shutterfly,"SF Bay Area",Retail,360,NULL,2023-01-25,Acquired,"United States",50
SirionLabs,Seattle,Legal,130,0.1500,2023-01-25,"Series D","United States",171
"Tier Mobility",Berlin,Transportation,80,0.0700,2023-01-25,"Series D",Germany,646
Bolt,"SF Bay Area",Finance,50,0.1000,2023-01-24,"Series E","United States",1300
CoachHub,Berlin,HR,NULL,0.1000,2023-01-24,"Series C",Germany,332
"Corvus Insurance",Boston,Finance,NULL,0.1400,2023-01-24,"Series C","United States",160
Gitpod,Kiel,Product,21,0.2800,2023-01-24,"Series A",Germany,41
Innovaccer,"SF Bay Area",Healthcare,245,0.1500,2023-01-24,"Series E","United States",379
"OFFOR Health",Columbus,Healthcare,16,NULL,2023-01-24,"Series A","United States",14
PagerDuty,"SF Bay Area",Product,NULL,0.0700,2023-01-24,Post-IPO,"United States",173
PartnerStack,Toronto,Sales,40,0.2000,2023-01-24,"Series B",Canada,36
Scoro,London,HR,NULL,0.0900,2023-01-24,"Series B","United Kingdom",23
Vacasa,Portland,Travel,1300,0.1700,2023-01-24,Post-IPO,"United States",834
Venngage,Toronto,Marketing,11,0.2000,2023-01-24,Unknown,Canada,NULL
Booktopia,Sydney,Retail,30,NULL,2023-01-23,"Series A",Australia,23
"Camp K12",Gurugram,Education,NULL,0.7000,2023-01-23,"Series A",India,16
Ermetic,"SF Bay Area",Security,30,0.1700,2023-01-23,"Series B","United States",97
Gemini,"New York City",Crypto,NULL,0.1000,2023-01-23,Unknown,"United States",423
Inmobi,Bengaluru,Marketing,50,NULL,2023-01-23,Unknown,India,320
Innovid,"New York City",Marketing,40,0.1000,2023-01-23,Post-IPO,"United States",295
Namogoo,"Tel Aviv",Marketing,20,0.1500,2023-01-23,"Series C","United States",69
Spotify,Stockholm,Media,600,0.0600,2023-01-23,Post-IPO,Sweden,2100
"Uber Freight","SF Bay Area",Logistics,150,0.0300,2023-01-23,Subsidiary,"United States",2700
Yext,"New York City",Marketing,NULL,0.0800,2023-01-23,Post-IPO,"United States",117
BitTorrent,"SF Bay Area",Infrastructure,92,NULL,2023-01-20,Acquired,"United States",NULL
"Citrine Informatics","SF Bay Area",Data,22,0.2700,2023-01-20,"Series C","United States",64
"Cyteir Therapeutics",Boston,Healthcare,NULL,0.7000,2023-01-20,"Series C","United States",156
Edifecs,Seattle,Healthcare,30,NULL,2023-01-20,Unknown,"United States",1
Enjoei,"Sao Paulo",Retail,31,0.1000,2023-01-20,Unknown,Brazil,14
Google,"SF Bay Area",Consumer,12000,0.0600,2023-01-20,Post-IPO,"United States",26
Karat,Seattle,HR,47,NULL,2023-01-20,Unknown,"United States",169
MediBuddy,Bengaluru,Healthcare,200,NULL,2023-01-20,Acquired,India,192
Swiggy,Bengaluru,Food,380,0.0600,2023-01-20,Unknown,India,3600
"Vox Media","Washington D.C.",Media,130,0.0700,2023-01-20,"Series F","United States",307
Wayfair,Boston,Retail,1750,0.1000,2023-01-20,Post-IPO,"United States",1700
"Capital One","Washington D.C.",Finance,1100,NULL,2023-01-19,Post-IPO,"United States",NULL
"CS Disco",Austin,Legal,62,0.0900,2023-01-19,Post-IPO,"United States",233
"Earth Rides",Nashville,Transportation,NULL,1.0000,2023-01-19,Unknown,"United States",2
Hubilo,"SF Bay Area",Other,115,0.3500,2023-01-19,"Series B","United States",153
Hydrow,Boston,Fitness,30,NULL,2023-01-19,"Series D","United States",269
Magnite,"Los Angeles",Marketing,NULL,0.0600,2023-01-19,Post-IPO,"United States",400
Mudafy,"Mexico City","Real Estate",NULL,0.7000,2023-01-19,"Series A","United States",13
Personalis,"SF Bay Area",Healthcare,NULL,0.3000,2023-01-19,Post-IPO,"United States",225
Prisma,"SF Bay Area",Data,NULL,0.2800,2023-01-19,"Series B","United States",56
Proterra,"SF Bay Area",Transportation,300,NULL,2023-01-19,Post-IPO,"United States",1200
"Riot Games","Los Angeles",Consumer,46,NULL,2023-01-19,Acquired,"United States",21
Saks.com,"New York City",Retail,100,0.0500,2023-01-19,Unknown,"United States",965
Wallbox,Barcelona,Energy,NULL,0.1500,2023-01-19,Post-IPO,Spain,167
WeWork,"New York City","Real Estate",300,NULL,2023-01-19,Post-IPO,"United States",22200
"80 Acres Farms",Cincinnati,Food,NULL,0.1000,2023-01-18,Unknown,"United States",275
8x8,"SF Bay Area",Support,155,0.0700,2023-01-18,Post-IPO,"United States",253
Addepar,"SF Bay Area",Finance,20,0.0300,2023-01-18,"Series F","United States",491
Aiven,Helsinki,Infrastructure,NULL,0.2000,2023-01-18,"Series D",Finland,420
"Bally's Interactive",Providence,NULL,NULL,0.1500,2023-01-18,Post-IPO,"United States",946
Benevity,Calgary,Other,137,0.1400,2023-01-18,Unknown,Canada,69
Betterfly,Santiago,Healthcare,NULL,0.3000,2023-01-18,"Series C",Chile,204
Clue,Berlin,Healthcare,31,0.3100,2023-01-18,Unknown,Germany,47
Hootsuite,Vancouver,Marketing,70,0.0700,2023-01-18,"Series C",Canada,300
Inspirato,Denver,Travel,109,0.1200,2023-01-18,Post-IPO,"United States",179
Jumpcloud,Boulder,Security,100,0.1200,2023-01-18,"Series F","United States",416
"Lucid Diagnostics","New York City",Healthcare,NULL,0.2000,2023-01-18,Post-IPO,"United States",NULL
Microsoft,Seattle,Other,10000,0.0500,2023-01-18,Post-IPO,"United States",1
nCino,Wilmington,Finance,100,0.0700,2023-01-18,Post-IPO,"United States",1100
Pagaya,"New York City",Finance,140,0.2000,2023-01-18,Post-IPO,"United States",571
Redbubble,Melbourne,Retail,NULL,0.1400,2023-01-18,Post-IPO,Australia,55
Sophos,Oxford,Security,450,0.1000,2023-01-18,Acquired,"United States",125
Starry,Boston,Other,100,0.2400,2023-01-18,Post-IPO,"United States",260
"Teladoc Health","New York City",Healthcare,300,0.0600,2023-01-18,Post-IPO,"United States",172
Vroom,"New York City",Transportation,275,0.2000,2023-01-18,Post-IPO,"United States",1300
"American Robotics",Boston,Other,50,0.6500,2023-01-17,Acquired,"United States",92
Britishvolt,London,Transportation,206,1.0000,2023-01-17,Unknown,"United Kingdom",2400
Clutch,Toronto,Transportation,150,NULL,2023-01-17,Unknown,Canada,253
Exotel,Bengaluru,Support,142,0.1500,2023-01-17,"Series D",India,87
GoMechanic,Gurugram,Transportation,NULL,0.7000,2023-01-17,"Series C",India,54
"Lightspeed Commerce",Montreal,Retail,300,0.1000,2023-01-17,Post-IPO,Canada,1200
LiveVox,"SF Bay Area",Support,NULL,0.1600,2023-01-17,Post-IPO,"United States",12
"Luxury Presence","Los Angeles","Real Estate",44,NULL,2023-01-17,"Series B","United States",31
RingCentral,"SF Bay Area",Other,30,NULL,2023-01-17,Post-IPO,"United States",44
Tul,Bogota,Construction,100,NULL,2023-01-17,"Series B",Colombia,218
Unico,"Sao Paulo",Other,110,0.1000,2023-01-17,"Series D",Brazil,336
Unity,"SF Bay Area",Other,284,0.0300,2023-01-17,Post-IPO,"United States",1300
ClearCo,Toronto,Finance,50,0.3000,2023-01-16,"Series C",Canada,698
Dunzo,Bengaluru,Food,NULL,0.0300,2023-01-16,Unknown,India,382
Gramophone,Indore,Food,75,NULL,2023-01-16,"Series B",India,17
Ignition,Sydney,Finance,NULL,0.1000,2023-01-16,"Series C",Australia,74
PagBank,"Sao Paulo",Finance,500,0.0700,2023-01-16,Post-IPO,Brazil,NULL
"Rebel Foods",Mumbai,Food,NULL,0.0200,2023-01-16,Unknown,India,548
ShareChat,Bengaluru,Consumer,500,0.2000,2023-01-16,"Series H",India,1700
BharatAgri,Mumbai,Food,40,0.4300,2023-01-15,"Series A",India,21
"Captain Fresh",Bengaluru,Food,120,NULL,2023-01-15,"Series C",India,126
DeHaat,Patna,Food,NULL,0.0500,2023-01-15,"Series E",India,254
Snappy,"New York City",Marketing,100,0.3000,2023-01-15,"Series C","United States",104
"Arch Oncology",Brisbane,Healthcare,NULL,1.0000,2023-01-13,"Series C","United States",155
"Black Shark",Shenzen,Hardware,900,NULL,2023-01-13,Unknown,China,NULL
Bonterra,Austin,Other,140,0.1000,2023-01-13,Unknown,"United States",NULL
Jellyfish,Boston,Product,NULL,0.0900,2023-01-13,"Series C","United States",114
Ola,Bengaluru,Transportation,200,NULL,2023-01-13,"Series J",India,5000
Vial,"SF Bay Area",Healthcare,40,NULL,2023-01-13,"Series B","United States",101
"Akili Labs",Baltimore,Healthcare,46,0.3000,2023-01-12,Seed,"United States",NULL
Blockchain.com,London,Crypto,110,0.2800,2023-01-12,"Series D","United Kingdom",490
"Career Karma","SF Bay Area",Education,22,NULL,2023-01-12,"Series B","United States",51
"Cashfree Payments",Bengaluru,Finance,100,NULL,2023-01-12,"Series B",India,41
Crypto.com,Singapore,Crypto,NULL,0.2000,2023-01-12,Unknown,"United States",NULL
"Definitive Healthcare",Boston,Healthcare,55,0.0600,2023-01-12,Post-IPO,"United States",NULL
Greenlight,Atlanta,Finance,104,0.2100,2023-01-12,"Series D","United States",556
Lattice,"SF Bay Area",HR,NULL,0.1500,2023-01-12,"Series F","United States",328
"Lending Club","SF Bay Area",Finance,225,0.1400,2023-01-12,Post-IPO,"United States",392
Life360,"SF Bay Area",Consumer,NULL,0.1400,2023-01-12,Post-IPO,"United States",158
Mapbox,"Washington D.C.",Data,64,NULL,2023-01-12,Unknown,"United States",334
Pier,"Sao Paulo",Finance,111,0.3900,2023-01-12,"Series B",Brazil,42
"Rock Content",Miami,Marketing,NULL,0.1500,2023-01-12,"Series B","United States",34
Skit.ai,Bengaluru,Support,115,NULL,2023-01-12,"Series B",India,28
SmartNews,Tokyo,Media,120,0.4000,2023-01-12,"Series F","United States",410
Carta,"SF Bay Area",HR,NULL,0.1000,2023-01-11,"Series G","United States",1100
Citizen,"New York City",Consumer,33,NULL,2023-01-11,"Series C","United States",133
CoinDCX,Mumbai,Crypto,80,NULL,2023-01-11,"Series D",India,244
Embark,Boston,Healthcare,41,NULL,2023-01-11,"Series B","United States",94
Flexport,"SF Bay Area",Logistics,640,0.2000,2023-01-11,"Series E","United States",2400
HashiCorp,"SF Bay Area",Security,69,NULL,2023-01-11,Post-IPO,"United States",349
Intrinsic,"SF Bay Area",Other,40,0.2000,2023-01-11,Acquired,"United States",NULL
Jumio,"SF Bay Area",Security,100,0.0600,2023-01-11,"Private Equity","United States",205
Limeade,Seattle,HR,NULL,0.1500,2023-01-11,"Series C","United States",33
Paddle,London,Finance,NULL,0.0800,2023-01-11,"Series D","United Kingdom",293
Qualtrics,"Salt Lake City",Other,270,0.0500,2023-01-11,Post-IPO,"United States",400
Tipalti,"SF Bay Area",Finance,123,0.1100,2023-01-11,"Series F","United States",565
Verily,"SF Bay Area",Healthcare,250,0.1500,2023-01-11,NULL,"United States",3500
Beamery,London,HR,NULL,0.1200,2023-01-10,"Series D","United States",223
Blend,"SF Bay Area",Finance,340,0.2800,2023-01-10,Post-IPO,"United States",665
Citrix,Miami,Infrastructure,NULL,0.1500,2023-01-10,Acquired,"United States",20
Coinbase,"SF Bay Area",Crypto,950,0.2000,2023-01-10,Post-IPO,"United States",549
ConsenSys,"New York City",Crypto,100,0.1100,2023-01-10,"Series D","United States",726
Esper,Seattle,Other,NULL,0.2100,2023-01-10,"Series A","United States",10
ForeScout,"SF Bay Area",Security,100,0.1000,2023-01-10,Post-IPO,"United States",125
GoBolt,Toronto,Logistics,55,0.0500,2023-01-10,"Series C",Canada,178
Informatica,"SF Bay Area",Data,450,0.0700,2023-01-10,Post-IPO,"United States",NULL
LEAD,Mumbai,Education,60,NULL,2023-01-10,"Series E",India,190
Parler,Nashville,Consumer,60,0.7500,2023-01-10,"Series B","United States",36
Relevel,Bengaluru,HR,40,0.2000,2023-01-10,NULL,India,NULL
StreamElements,"Tel Aviv",Media,40,0.2000,2023-01-10,"Series B",Israel,111
Thinkific,Vancouver,Education,76,0.1900,2023-01-10,Post-IPO,Canada,22
"Till Payments",Sydney,Finance,120,NULL,2023-01-10,"Series C",Australia,95
WHOOP,Boston,Fitness,NULL,0.0400,2023-01-10,"Series F","United States",404
"Editas Medicine",Boston,Healthcare,NULL,0.2000,2023-01-09,Post-IPO,"United States",656
"Fate Therapeutics","San Diego",Healthcare,315,0.5700,2023-01-09,Post-IPO,"United States",1200
"Scale AI","SF Bay Area",Data,NULL,0.2000,2023-01-09,"Series E","United States",602
"Minute Media",London,Media,50,0.1000,2023-01-08,"Series I","United Kingdom",160
WalkMe,"SF Bay Area",Other,43,0.0300,2023-01-08,Post-IPO,"United States",307
Bounce,Bengaluru,Transportation,40,0.0500,2023-01-06,"Series D",India,214
"Carbon Health","SF Bay Area",Healthcare,200,NULL,2023-01-06,"Series D","United States",522
Huobi,Beijing,Crypto,275,0.2000,2023-01-06,Unknown,China,2
Lantern,"Grand Rapids",Retail,NULL,1.0000,2023-01-06,Seed,"United States",40
"Mojo Vision","SF Bay Area",Hardware,NULL,0.7500,2023-01-06,"Series B","United States",204
SuperRare,Wilmington,Crypto,NULL,0.3000,2023-01-06,"Series A","United States",9
Attentive,"New York City",Marketing,NULL,0.1500,2023-01-05,"Series E","United States",863
Cue,"San Diego",Healthcare,388,NULL,2023-01-05,Post-IPO,"United States",999
Everlane,"SF Bay Area",Retail,30,0.1700,2023-01-05,Unknown,"United States",176
Genesis,"New York City",Crypto,60,0.3000,2023-01-05,"Series A","United States",NULL
Moglix,Singapore,Retail,40,0.0200,2023-01-05,"Series F",Singapore,472
"Pecan AI","Tel Aviv",Data,30,0.2500,2023-01-05,"Series C",Israel,116
Personetics,"New York City",Support,30,0.0800,2023-01-05,"Private Equity","United States",178
Socure,Reno,Finance,104,0.1900,2023-01-05,"Series E","United States",646
SoundHound,"SF Bay Area",Other,200,0.5000,2023-01-05,Post-IPO,"United States",326
"Stitch Fix","SF Bay Area",Retail,NULL,0.2000,2023-01-05,Post-IPO,"United States",79
TCR2,Boston,Healthcare,NULL,0.4000,2023-01-05,Post-IPO,"United States",173
"Twine Solutions","Tel Aviv",Hardware,30,0.3300,2023-01-05,Unknown,Israel,50
Twitter,"SF Bay Area",Consumer,40,NULL,2023-01-05,Post-IPO,"United States",12900
UpScalio,Gurugram,Retail,25,0.1500,2023-01-05,"Series B",India,62
Amazon,Seattle,Retail,8000,0.0200,2023-01-04,Post-IPO,"United States",108
Astronomer,Cincinnati,Data,76,0.2000,2023-01-04,"Series C","United States",282
Augury,"New York City",Manufacturing,20,0.0500,2023-01-04,"Series E","United States",274
"Butterfly Network",Boston,Healthcare,NULL,0.2500,2023-01-04,Post-IPO,"United States",530
Kaltura,"New York City",Media,75,0.1100,2023-01-04,Post-IPO,"United States",166
Salesforce,"SF Bay Area",Sales,8000,0.1000,2023-01-04,Post-IPO,"United States",65
Vimeo,"New York City",Consumer,NULL,0.1100,2023-01-04,Post-IPO,"United States",450
Wyre,"SF Bay Area",Crypto,NULL,1.0000,2023-01-04,Unknown,"United States",29
ByteDance,Shanghai,Consumer,NULL,0.1000,2023-01-03,Unknown,China,9400
Harappa,"New Delhi",Education,60,0.3000,2023-01-03,Acquired,India,NULL
Pegasystems,Boston,HR,245,0.0400,2023-01-03,Post-IPO,"United States",NULL
Uniphore,"SF Bay Area",Support,76,0.1000,2023-01-03,"Series E","United States",620
Amdocs,"St. Louis",Support,700,0.0300,2023-01-02,Post-IPO,"United States",NULL
Bilibili,Shanghai,Media,NULL,0.3000,2022-12-27,Post-IPO,China,3700
"Octopus Network","Beau Vallon",Crypto,NULL,0.4000,2022-12-27,"Series A",Seychelles,8
PayU,Amsterdam,Finance,150,0.0600,2022-12-26,Acquired,Netherlands,NULL
Element,London,Other,NULL,0.1500,2022-12-25,"Series B","United Kingdom",96
"Back Market",Paris,Retail,93,0.1300,2022-12-23,"Series E",France,1000
Willow,Sydney,"Real Estate",99,0.2200,2022-12-23,Unknown,Australia,NULL
Zoopla,London,"Real Estate",50,NULL,2022-12-23,"Series C","United Kingdom",25
Qualcomm,"San Diego",Hardware,153,NULL,2022-12-22,Post-IPO,"United States",NULL
Lendis,Berlin,Other,NULL,0.5000,2022-12-21,"Series A",Germany,90
TuSimple,"San Diego",Transportation,350,0.2500,2022-12-21,Post-IPO,"United States",648
Briza,Toronto,Finance,26,0.4000,2022-12-20,"Series A",Canada,10
Chope,Singapore,Food,65,0.2400,2022-12-20,"Series E",Singapore,50
Zhihu,Beijing,Consumer,NULL,0.1000,2022-12-20,"Series F",China,892
Homebot,Denver,"Real Estate",18,0.1300,2022-12-19,Acquired,"United States",4
YourGrocer,Melbourne,Food,NULL,1.0000,2022-12-19,Unknown,Australia,2
Improbable,London,Other,NULL,0.1000,2022-12-16,Unknown,"United Kingdom",704
"Modern Treasury","SF Bay Area",Finance,NULL,0.1800,2022-12-16,"Series C","United States",183
Reach,Calgary,Retail,NULL,0.1200,2022-12-16,"Series A",Canada,30
Revelate,Montreal,Data,24,0.3000,2022-12-16,"Series A",Canada,26
SonderMind,Denver,Healthcare,NULL,0.1500,2022-12-16,"Series C","United States",183
Tomorrow,Hamburg,Finance,30,0.2500,2022-12-16,Unknown,Germany,29
Apollo,"SF Bay Area",Product,NULL,0.1500,2022-12-15,"Series D","United States",183
BigCommerce,Austin,Retail,180,0.1300,2022-12-15,Post-IPO,"United States",224
Freshworks,"SF Bay Area",Support,90,0.0200,2022-12-15,Post-IPO,"United States",484
LeafLink,"New York City",Other,80,0.3100,2022-12-15,"Series C","United States",379
Workmotion,Berlin,HR,60,0.2000,2022-12-15,"Series B","United States",76
ChowNow,"Los Angeles",Food,40,0.1000,2022-12-14,"Series C","United States",64
GoStudent,Vienna,Education,100,NULL,2022-12-14,"Series D",Austria,686
Headspace,"Los Angeles",Healthcare,50,0.0400,2022-12-14,Unknown,"United States",215
JD.ID,Jakarta,Retail,200,0.3000,2022-12-14,Post-IPO,Indonesia,5100
"Quanergy Systems","SF Bay Area",Transportation,72,NULL,2022-12-14,Post-IPO,"United States",175
Edgio,Phoenix,Infrastructure,95,0.1000,2022-12-13,Post-IPO,"United States",462
"Komodo Health","SF Bay Area",Healthcare,78,0.0900,2022-12-13,"Series E","United States",514
Thumbtack,"SF Bay Area",Consumer,160,0.1400,2022-12-13,"Series I","United States",698
Viant,"Los Angeles",Marketing,46,0.1300,2022-12-13,Post-IPO,"United States",NULL
Balto,"St. Louis",Sales,35,NULL,2022-12-12,"Series B","United States",51
Freshly,Phoenix,Food,329,NULL,2022-12-12,Acquired,"United States",107
Pluralsight,"Salt Lake City",Education,400,0.2000,2022-12-12,Acquired,"United States",192
Outschool,"SF Bay Area",Education,43,0.2500,2022-12-10,"Series D","United States",240
Xentral,Munich,Product,20,0.1000,2022-12-10,"Series B",Germany,94
Alice,"Sao Paulo",Healthcare,113,0.1600,2022-12-09,"Series C",Brazil,174
Brodmann17,"Tel Aviv",Other,NULL,1.0000,2022-12-09,"Series A",Israel,25
C2FO,"Kansas City",Finance,20,0.0200,2022-12-09,"Series H","United States",537
"Digital Surge",Brisbane,Crypto,NULL,1.0000,2022-12-09,Unknown,Australia,NULL
OneFootball,Berlin,Marketing,62,0.1150,2022-12-09,"Series D",Germany,442
Playtika,"Tel Aviv",Consumer,600,0.1500,2022-12-09,Post-IPO,Israel,NULL
Primer,London,Finance,85,0.3300,2022-12-09,"Series B","United Kingdom",73
"Share Now",Berlin,Transportation,150,0.3600,2022-12-09,Acquired,Germany,NULL
ZenLedger,Seattle,Crypto,NULL,0.1000,2022-12-09,"Series B","United States",25
Airtable,"SF Bay Area",Product,254,0.2000,2022-12-08,"Series F","United States",1400
Armis,"SF Bay Area",Security,25,0.0400,2022-12-08,"Private Equity","United States",537
Bakkt,Atlanta,Crypto,NULL,0.1500,2022-12-08,Post-IPO,"United States",932
BlackLine,"Los Angeles",Finance,95,0.0500,2022-12-08,"Private Equity","United States",220
"Blue Apron","New York City",Food,NULL,0.1000,2022-12-08,Post-IPO,"United States",352
Buser,"Sao Paulo",Transportation,160,0.3000,2022-12-08,"Series C",Brazil,138
Chrono24,Karlsruhe,Retail,80,NULL,2022-12-08,"Series C",Germany,205
CyCognito,"SF Bay Area",Security,30,0.1500,2022-12-08,"Series C","United States",153
Glints,Singapore,HR,198,0.1800,2022-12-08,"Series D",Singapore,82
Inscripta,Boulder,Healthcare,43,NULL,2022-12-08,"Series E","United States",459
Nerdy,"St. Louis",Education,NULL,0.1700,2022-12-08,Post-IPO,"United States",150
Otonomo,"Tel Aviv",Transportation,80,0.5000,2022-12-08,Post-IPO,Israel,231
Swiggy,Bengaluru,Food,250,0.0300,2022-12-08,Unknown,India,3600
TechTarget,Boston,Marketing,60,0.0500,2022-12-08,Post-IPO,"United States",115
Vanta,"SF Bay Area",Security,NULL,0.1400,2022-12-08,"Series B","United States",203
CircleCI,"SF Bay Area",Product,NULL,0.1700,2022-12-07,"Series F","United States",315
Grover,Berlin,Retail,40,0.1000,2022-12-07,Unknown,"United States",2300
Houzz,"SF Bay Area",Consumer,95,0.0800,2022-12-07,"Series E","United States",613
"Integral Ad Science","New York City",Marketing,120,0.1300,2022-12-07,Acquired,"United States",116
Lev,"New York City","Real Estate",30,0.3000,2022-12-07,"Series B","United States",114
Lithic,"New York City",Finance,27,0.1800,2022-12-07,"Series C","United States",115
Loft,"Sao Paulo","Real Estate",312,0.1200,2022-12-07,Unknown,Brazil,788
Motive,"SF Bay Area",Transportation,237,0.0600,2022-12-07,"Series F","United States",567
Plaid,"SF Bay Area",Finance,260,0.2000,2022-12-07,"Series D","United States",734
"Recur Forever",Miami,Crypto,235,NULL,2022-12-07,"Series A","United States",55
Relativity,Chicago,Legal,150,0.1000,2022-12-07,"Private Equity","United States",125
Sayurbox,Jakarta,Food,NULL,0.0500,2022-12-07,"Series C",Indonesia,139
Vedantu,Bengaluru,Education,385,NULL,2022-12-07,"Series E",India,292
Voi,Stockholm,Transportation,130,0.1300,2022-12-07,"Series D","United States",515
Adobe,"SF Bay Area",Marketing,100,NULL,2022-12-06,Post-IPO,"United States",2
Bridgit,Waterloo,Construction,13,0.1300,2022-12-06,"Series B",Canada,36
BuzzFeed,"New York City",Media,180,0.1200,2022-12-06,Post-IPO,"United States",696
"Chipper Cash","SF Bay Area",Finance,50,0.1250,2022-12-06,"Series C","United States",302
Doma,"SF Bay Area",Finance,515,0.4000,2022-12-06,Post-IPO,"United States",679
Intel,"SF Bay Area",Hardware,201,NULL,2022-12-06,Post-IPO,"United States",12
Koinly,London,Crypto,16,0.1400,2022-12-06,Unknown,"United Kingdom",NULL
Nextiva,Phoenix,Other,NULL,0.1700,2022-12-06,"Private Equity","United States",200
OneStudyTeam,Boston,Healthcare,NULL,0.2500,2022-12-06,"Series D","United States",479
"Perimeter 81","Tel Aviv",Security,20,0.0800,2022-12-06,"Series C",Israel,165
Stash,"New York City",Finance,32,0.0800,2022-12-06,Unknown,"United States",480
Weedmaps,"Los Angeles",Other,175,0.2500,2022-12-06,Acquired,"United States",NULL
Zuora,"SF Bay Area",Finance,NULL,0.1100,2022-12-06,Post-IPO,"United States",647
"Aqua Security",Boston,Security,65,0.1000,2022-12-05,"Series E","United States",265
DataRails,"Tel Aviv",Finance,30,0.1800,2022-12-05,"Series B",Israel,103
Swyftx,Brisbane,Crypto,90,0.4000,2022-12-05,Unknown,Australia,NULL
Bybit,Singapore,Crypto,NULL,0.3000,2022-12-03,Unknown,Singapore,NULL
HealthifyMe,Bengaluru,Fitness,150,NULL,2022-12-03,"Series C",India,100
OYO,Gurugram,Travel,600,NULL,2022-12-03,"Series F",India,4000
Cognyte,"Tel Aviv",Security,100,0.0500,2022-12-02,Unknown,Israel,NULL
"Lora DiCarlo",Bend,Consumer,NULL,1.0000,2022-12-02,Unknown,"United States",9
Polly,Burlington,Finance,47,0.1500,2022-12-02,"Series C","United States",184
ShareChat,Bengaluru,Consumer,100,NULL,2022-12-02,Unknown,India,1700
Bizzabo,"New York City",Marketing,100,0.3700,2022-12-01,"Series E","United States",194
BloomTech,"SF Bay Area",Education,88,0.5000,2022-12-01,Unknown,"United States",NULL
Carousell,Singapore,Retail,110,0.1000,2022-12-01,"Private Equity",Singapore,372
Netlify,"SF Bay Area",Product,48,0.1600,2022-12-01,"Series D","United States",212
Podium,Lehi,Support,NULL,0.1200,2022-12-01,"Series D","United States",419
Springbig,Miami,Sales,37,0.2300,2022-12-01,Post-IPO,"United States",32
"SQZ Biotech",Boston,Healthcare,NULL,0.6000,2022-12-01,Post-IPO,"United States",229
Strava,"SF Bay Area",Fitness,NULL,0.1400,2022-12-01,"Series F","United States",151
Synlogic,Boston,Healthcare,NULL,0.2500,2022-12-01,Post-IPO,"United States",321
DoorDash,"SF Bay Area",Food,1250,0.0600,2022-11-30,Post-IPO,"United States",2500
Elastic,"SF Bay Area",Data,NULL,0.1300,2022-11-30,Post-IPO,"United States",162
Etermax,"Buenos Aires",Other,40,NULL,2022-11-30,Unknown,Argentina,NULL
Grin,Sacramento,Marketing,60,0.1300,2022-11-30,"Series B","United States",145
"Happy Money","Los Angeles",Finance,158,0.3400,2022-11-30,"Series D","United States",191
Kraken,"SF Bay Area",Crypto,1100,0.3000,2022-11-30,Unknown,"United States",134
Sana,Seattle,Healthcare,NULL,0.1500,2022-11-30,"Series A","United States",700
StudySmarter,Berlin,Education,70,NULL,2022-11-30,"Series A",Germany,64
Teachmint,Bengaluru,Education,45,0.0500,2022-11-30,"Series B",India,118
Thread,London,Retail,30,0.5000,2022-11-30,Acquired,"United Kingdom",40
Ualá,"Buenos Aires",Finance,53,0.0300,2022-11-30,"Series D",Argentina,544
Ula,Jakarta,Retail,134,0.2300,2022-11-30,"Series B",Indonesia,140
Wonder,"New York City",Food,130,0.0700,2022-11-30,"Series B","United States",850
Bitfront,"SF Bay Area",Crypto,NULL,1.0000,2022-11-29,Unknown,"United States",NULL
Bitso,"Mexico City",Crypto,100,NULL,2022-11-29,"Series C",Mexico,378
Codexis,"SF Bay Area",Healthcare,NULL,0.1800,2022-11-29,Post-IPO,"United States",162
CoinJar,Melbourne,Crypto,10,0.2000,2022-11-29,Unknown,Australia,1
Firework,"SF Bay Area",Retail,NULL,0.1000,2022-11-29,"Series B","United States",269
Lyst,London,Retail,50,0.2500,2022-11-29,Unknown,"United Kingdom",144
MessageBird,Amsterdam,Other,NULL,0.3100,2022-11-29,"Series C",Netherlands,1100
Plerk,Guadalajara,Finance,NULL,0.4000,2022-11-29,"Series A",Mexico,13
Ajaib,Jakarta,Finance,67,0.0800,2022-11-28,Unknown,Indonesia,245
ApplyBoard,Waterloo,Education,90,0.0600,2022-11-28,"Series D",Canada,483
BlockFi,"New York City",Crypto,NULL,1.0000,2022-11-28,"Series E","United States",1000
"Candy Digital","New York City",Crypto,33,0.3300,2022-11-28,"Series A","United States",100
Hirect,Bengaluru,Recruiting,200,0.4000,2022-11-28,"Series A",India,NULL
Infarm,Berlin,Other,500,0.5000,2022-11-28,"Series D",Germany,604
NCX,"SF Bay Area",Energy,NULL,0.4000,2022-11-28,"Series B","United States",78
ResearchGate,Berlin,Other,25,0.1000,2022-11-28,"Series D",Germany,87
"Wildlife Studios","Sao Paulo",Consumer,300,0.2000,2022-11-28,Unknown,Brazil,260
"Change Invest",Amsterdam,Finance,NULL,0.2400,2022-11-27,Unknown,Netherlands,22
Carwow,London,Transportation,70,0.2000,2022-11-25,Unknown,"United Kingdom",157
Vendease,Lagos,Food,27,0.0900,2022-11-25,"Series A",Nigeria,43
"VerSe Innovation",Bengaluru,Media,150,0.0500,2022-11-25,"Series J",India,1700
Lemon,"Buenos Aires",Crypto,100,0.3800,2022-11-24,"Series A",Argentina,17
Quidax,Lagos,Crypto,20,0.2000,2022-11-24,Unknown,Nigeria,3
Assure,"Salt Lake City",Finance,NULL,1.0000,2022-11-23,Seed,"United States",2
GoodGood,Toronto,Retail,NULL,1.0000,2022-11-23,Seed,Canada,6
SWVL,Cairo,Transportation,NULL,0.5000,2022-11-23,Post-IPO,Egypt,264
SIRCLO,Jakarta,Retail,160,0.0800,2022-11-22,"Series B",Indonesia,92
Trax,Singapore,Retail,80,0.0800,2022-11-22,"Series E",Singapore,1000
"Western Digital","SF Bay Area",Hardware,251,NULL,2022-11-22,Post-IPO,"United States",900
Devo,Boston,Security,NULL,0.1500,2022-11-21,"Series F","United States",481
GloriFi,Dallas,Finance,NULL,1.0000,2022-11-21,Unknown,"United States",NULL
Jumia,Lagos,Retail,900,0.2000,2022-11-21,Post-IPO,Nigeria,1200
Kitopi,Dubai,Food,93,0.1000,2022-11-21,"Series C","United States",804
Zomato,Gurugram,Food,100,0.0400,2022-11-19,"Series J",India,914
Capitolis,"New York City",Finance,NULL,0.2500,2022-11-18,"Series D","United States",281
Carvana,Phoenix,Transportation,1500,0.0800,2022-11-18,Post-IPO,"United States",1600
Nuro,"SF Bay Area",Transportation,300,0.2000,2022-11-18,"Series D","United States",2100
Splyt,London,Transportation,57,NULL,2022-11-18,"Series B","United Kingdom",34
StoryBlocks,"Washington D.C.",Media,NULL,0.2500,2022-11-18,Acquired,"United States",18
Synthego,"SF Bay Area",Healthcare,105,0.2000,2022-11-18,"Series E","United States",459
"Unchained Capital",Austin,Crypto,NULL,0.1500,2022-11-18,"Series A","United States",33
&Open,Dublin,Marketing,9,0.0900,2022-11-17,"Series A",Ireland,35
Capitolis,"New York City",Finance,37,0.2500,2022-11-17,"Series D","United States",281
"Chili Piper","New York City",Sales,58,NULL,2022-11-17,"Series B","United States",54
Homepoint,Phoenix,"Real Estate",113,NULL,2022-11-17,Post-IPO,"United States",NULL
Juni,Gothenburg,Finance,72,0.3300,2022-11-17,Unknown,Sweden,281
Kandji,"San Diego",Other,NULL,0.1700,2022-11-17,"Series C","United States",188
Koho,Toronto,Finance,15,0.0400,2022-11-17,"Series D",Canada,278
"Morning Brew","New York City",Media,NULL,0.1400,2022-11-17,Acquired,"United States",NULL
Orchard,"New York City","Real Estate",180,NULL,2022-11-17,"Series D","United States",472
Roku,"SF Bay Area",Media,200,0.0700,2022-11-17,Post-IPO,"United States",208
Symend,Calgary,Other,NULL,0.1300,2022-11-17,"Series C",Canada,148
TealBook,Toronto,Other,34,0.1900,2022-11-17,"Series B",Canada,73
Amazon,Seattle,Retail,10000,0.0300,2022-11-16,Post-IPO,"United States",108
Cisco,"SF Bay Area",Infrastructure,4100,0.0500,2022-11-16,Post-IPO,"United States",2
D2L,Waterloo,Education,NULL,0.0500,2022-11-16,Post-IPO,Canada,168
Dance,Berlin,Transportation,NULL,0.1600,2022-11-16,Unknown,Germany,63
Homeward,Austin,"Real Estate",NULL,0.2500,2022-11-16,Unknown,"United States",501
Hopin,London,Other,NULL,0.1700,2022-11-16,"Series D","United Kingdom",1000
Kite,"SF Bay Area",Product,NULL,1.0000,2022-11-16,"Series A","United States",21
Lokalise,Dover,Other,76,0.2300,2022-11-16,"Series B","United States",56
"Pear Therapeutics",Boston,Healthcare,59,0.2200,2022-11-16,Post-IPO,"United States",409
Salsify,Boston,Retail,90,0.1100,2022-11-16,"Series F","United States",452
SimilarWeb,"New York City",Other,120,0.1000,2022-11-16,Post-IPO,"United States",235
Twiga,Nairobi,Food,211,0.2100,2022-11-16,"Series C",Kenya,157
Wayflyer,Dublin,Marketing,200,0.4000,2022-11-16,Unknown,Ireland,889
Yotpo,"New York City",Marketing,70,0.0900,2022-11-16,Unknown,"United States",436
"Apollo Insurance",Vancouver,Finance,NULL,0.2500,2022-11-15,"Series B",Canada,11
Asana,"SF Bay Area",Other,180,0.0900,2022-11-15,Post-IPO,"United States",453
CaptivateIQ,"SF Bay Area",Sales,31,0.1000,2022-11-15,"Series C","United States",164
"Deliveroo Australia",Melbourne,Food,120,1.0000,2022-11-15,Post-IPO,Australia,1700
Jimdo,Hamburg,Other,50,0.1600,2022-11-15,Unknown,Germany,28
"Nirvana Money",Miami,Finance,NULL,1.0000,2022-11-15,Unknown,"United States",NULL
OfferUp,Seattle,Retail,NULL,0.1900,2022-11-15,Unknown,"United States",381
Outside,Boulder,Media,NULL,0.1200,2022-11-15,"Series B","United States",174
OwnBackup,"New York City",Security,170,0.1700,2022-11-15,"Series E","United States",507
Productboard,"SF Bay Area",Product,100,0.2000,2022-11-15,"Series D","United States",NULL
Properly,Toronto,"Real Estate",71,NULL,2022-11-15,"Series B",Canada,154
Protocol,"SF Bay Area",Media,60,1.0000,2022-11-15,Acquired,"United States",NULL
"Rubicon Technologies",Lexington,Other,NULL,0.1100,2022-11-15,Post-IPO,"United States",382
"The Zebra",Austin,Finance,50,NULL,2022-11-15,"Series D","United States",256
UiPath,"New York City",Data,241,0.0600,2022-11-15,Post-IPO,"United States",2000
Viber,Luxembourg,Consumer,45,0.0800,2022-11-15,Acquired,Luxembourg,NULL
Whispir,Melbourne,Other,NULL,0.3000,2022-11-15,Post-IPO,Australia,68
Cardlytics,Atlanta,Marketing,51,NULL,2022-11-14,Post-IPO,"United States",212
Cloudinary,"SF Bay Area",Media,40,0.0800,2022-11-14,Unknown,"United States",100
Gokada,Lagos,Transportation,20,NULL,2022-11-14,Unknown,Nigeria,12
iFit,Logan,Fitness,300,0.2000,2022-11-14,"Private Equity","United States",200
Illumina,"San Diego",Healthcare,500,0.0500,2022-11-14,Post-IPO,"United States",28
Intercom,"SF Bay Area",Support,124,0.1300,2022-11-14,"Series D","United States",240
Nestcoin,Lagos,Crypto,30,NULL,2022-11-14,Seed,Nigeria,6
"Pear Therapeutics",Boston,Healthcare,59,0.2200,2022-11-14,Post-IPO,"United States",409
Pipedrive,Tallinn,Sales,143,0.1500,2022-11-14,"Private Equity",Estonia,90
Ribbon,"New York City","Real Estate",170,0.8500,2022-11-14,"Series C","United States",405
"Science 37","Los Angeles",Healthcare,90,NULL,2022-11-14,Post-IPO,"United States",347
Sema4,Stamford,Healthcare,500,NULL,2022-11-14,Post-IPO,"United States",791
Tricida,"SF Bay Area",Healthcare,NULL,0.5700,2022-11-14,Post-IPO,"United States",624
Forto,Berlin,Logistics,60,0.0800,2022-11-11,"Series D","United States",593
Offerpad,Phoenix,"Real Estate",NULL,0.0700,2022-11-11,Post-IPO,"United States",355
Veev,"SF Bay Area","Real Estate",100,0.3000,2022-11-11,"Series D","United States",597
Avast,Phoenix,Security,NULL,0.2500,2022-11-10,Unknown,"United States",NULL
Blend,"SF Bay Area",Finance,100,0.0600,2022-11-10,Post-IPO,"United States",665
Coinbase,"SF Bay Area",Crypto,60,NULL,2022-11-10,Post-IPO,"United States",549
"GoTo Group",Jakarta,Transportation,1300,0.1200,2022-11-10,Post-IPO,Indonesia,1300
InfluxData,"SF Bay Area",Data,65,0.2700,2022-11-10,"Series D","United States",119
Juul,"SF Bay Area",Consumer,400,0.3000,2022-11-10,Unknown,"United States",1500
Ocavu,Lehi,Crypto,20,0.4800,2022-11-10,"Series A","United States",11
SendCloud,Eindhoven,Logistics,NULL,0.1000,2022-11-10,"Series C","United States",200
SoundHound,"SF Bay Area",Other,45,0.1000,2022-11-10,Post-IPO,"United States",326
Wavely,"SF Bay Area",HR,NULL,1.0000,2022-11-10,Unknown,"United States",NULL
Wistia,Boston,Marketing,40,NULL,2022-11-10,Unknown,"United States",18
AvantStay,"Los Angeles",Travel,144,0.2200,2022-11-09,"Private Equity","United States",686
Cameo,Chicago,Consumer,80,NULL,2022-11-09,Unknown,"United States",165
CloudFactory,Nairobi,Data,NULL,0.1200,2022-11-09,"Private Equity",Kenya,78
"Faze Medicines",Boston,Healthcare,NULL,1.0000,2022-11-09,"Series B","United States",81
Flyhomes,Seattle,"Real Estate",300,0.4000,2022-11-09,"Series C","United States",310
HighRadius,Bengaluru,Finance,25,NULL,2022-11-09,"Series C",India,475
Kabam,"SF Bay Area",Consumer,35,0.0700,2022-11-09,Acquired,"United States",244
Liftoff,"SF Bay Area",Marketing,130,0.1500,2022-11-09,Acquired,"United States",6
Meta,"SF Bay Area",Consumer,11000,0.1300,2022-11-09,Post-IPO,"United States",26000
Namogoo,"Tel Aviv",Marketing,25,0.1500,2022-11-09,"Series C","United States",69
Plum,Bengaluru,Healthcare,36,0.1000,2022-11-09,"Series A",India,20
Redfin,Seattle,"Real Estate",862,0.1300,2022-11-09,Post-IPO,"United States",320
RingCentral,"SF Bay Area",Other,NULL,0.1000,2022-11-09,Post-IPO,"United States",44
"Root Insurance",Columbus,Finance,137,0.2000,2022-11-09,Post-IPO,"United States",527
Astra,"SF Bay Area",Aerospace,NULL,0.1600,2022-11-08,Post-IPO,"United States",300
EverBridge,Boston,Other,200,NULL,2022-11-08,Post-IPO,"United States",476
NanoString,Seattle,Healthcare,NULL,0.1000,2022-11-08,Post-IPO,"United States",731
"Repertoire Immune Medicines",Boston,Healthcare,65,0.5000,2022-11-08,"Series B","United States",257
SADA,"Los Angeles",Other,NULL,0.1100,2022-11-08,Acquired,"United States",NULL
Code42,Minneapolis,Security,NULL,0.1500,2022-11-07,Unknown,"United States",137
Dock,"Sao Paulo",Finance,190,0.1200,2022-11-07,"Private Equity",Brazil,280
"Domino Data Lab","SF Bay Area",Data,NULL,0.2500,2022-11-07,"Series F","United States",223
Salesforce,"SF Bay Area",Sales,1000,0.0100,2022-11-07,Post-IPO,"United States",65
Unacademy,Bengaluru,Education,350,0.1000,2022-11-07,"Series H",India,838
Zendesk,"SF Bay Area",Support,350,0.0500,2022-11-07,Acquired,"United States",85
Brainly,Krakow,Education,25,NULL,2022-11-06,"Series D",Poland,148
Varonis,"New York City",Security,110,0.0500,2022-11-06,Post-IPO,"United States",30
"Benitago Group","New York City",Retail,NULL,0.1400,2022-11-04,"Series A","United States",380
Exodus,"Nebraska City",Crypto,59,0.2200,2022-11-04,Unknown,"United States",60
KoinWorks,Jakarta,Finance,70,0.0800,2022-11-04,Unknown,Indonesia,180
"Mythical Games","Los Angeles",Crypto,NULL,0.1000,2022-11-04,"Series C","United States",260
Planetly,Berlin,Other,200,1.0000,2022-11-04,Acquired,Germany,5
Twitter,"SF Bay Area",Consumer,3700,0.5000,2022-11-04,Post-IPO,"United States",12900
Udaan,Bengaluru,Retail,350,NULL,2022-11-04,Unknown,India,1500
Affirm,"SF Bay Area",Finance,NULL,0.0100,2022-11-03,Post-IPO,"United States",1500
"Delivery Hero",Berlin,Food,100,NULL,2022-11-03,Post-IPO,Germany,8300
LendingTree,Charlotte,Finance,200,NULL,2022-11-03,Post-IPO,"United States",NULL
LiveRamp,"SF Bay Area",Marketing,NULL,0.1000,2022-11-03,Post-IPO,"United States",16
Lyft,"SF Bay Area",Transportation,700,0.1300,2022-11-03,Post-IPO,"United States",4900
Pleo,Copenhagen,Finance,150,0.1500,2022-11-03,"Series C","United States",428
Rubius,Boston,Healthcare,NULL,0.8200,2022-11-03,Post-IPO,"United States",445
Shippo,"SF Bay Area",Logistics,60,0.2000,2022-11-03,"Series E","United States",154
Snapdocs,"SF Bay Area","Real Estate",NULL,0.1500,2022-11-03,"Series D","United States",253
Stripe,"SF Bay Area",Finance,1000,0.1400,2022-11-03,"Series H","United States",2300
BitMEX,Non-U.S.,Crypto,NULL,0.3000,2022-11-02,Seed,Seychelles,0
Chargebee,"SF Bay Area",Finance,142,0.1000,2022-11-02,"Series H","United States",468
Checkmarx,"Tel Aviv",Security,100,0.1000,2022-11-02,"Series C",Israel,92
Chime,"SF Bay Area",Finance,156,0.1200,2022-11-02,"Series G","United States",2300
"Dapper Labs",Vancouver,Crypto,134,0.2200,2022-11-02,"Series D","United States",607
"Digital Currency Gruop",Stamford,Crypto,10,0.1300,2022-11-02,Unknown,"United States",NULL
"Iron Ox","SF Bay Area",Food,50,0.5000,2022-11-02,"Series C","United States",103
Opendoor,"SF Bay Area","Real Estate",550,0.1800,2022-11-02,Post-IPO,"United States",1900
Smava,Berlin,Finance,100,0.1500,2022-11-02,Unknown,Germany,188
"Argo AI","SF Bay Area",Transportation,259,NULL,2022-11-01,Unknown,"United States",3600
Booking.com,"Grand Rapids",Travel,226,NULL,2022-11-01,Acquired,"United States",NULL
Brightline,"SF Bay Area",Healthcare,NULL,0.2000,2022-11-01,"Series C","United States",212
Drop,Toronto,Marketing,24,NULL,2022-11-01,"Series B",Canada,56
Gem,"SF Bay Area",Recruiting,100,0.3300,2022-11-01,"Series C","United States",148
Hootsuite,Vancouver,Marketing,50,0.0500,2022-11-01,"Series C",Canada,300
Oda,Oslo,Food,70,0.0600,2022-11-01,Unknown,Norway,479
Oda,Oslo,Food,70,0.1800,2022-11-01,Unknown,Norway,477
Oda,Oslo,Food,70,0.1800,2022-11-01,Unknown,Sweden,377
Oracle,"SF Bay Area",Other,200,NULL,2022-11-01,Post-IPO,"United States",NULL
"Tapps Games","Sao Paulo",Consumer,10,NULL,2022-11-01,Unknown,Brazil,NULL
Upstart,"SF Bay Area",Finance,140,0.0700,2022-11-01,Post-IPO,"United States",144
Dukaan,Bengaluru,Retail,23,NULL,2022-10-31,"Series A",India,17
Equitybee,"SF Bay Area",Finance,25,0.2000,2022-10-31,"Series B","United States",85
EquityZen,"New York City",Finance,30,0.2700,2022-10-31,"Series B","United States",11
Kry,Stockholm,Healthcare,300,0.1000,2022-10-31,"Series D",Sweden,568
Notarize,Boston,Legal,60,NULL,2022-10-31,"Series D","United States",213
Advata,Seattle,Healthcare,32,0.2100,2022-10-28,NULL,"United States",NULL
Amazon,Seattle,Retail,150,NULL,2022-10-28,Post-IPO,"United States",108
"Fifth Season",Pittsburgh,Food,100,1.0000,2022-10-28,"Series B","United States",35
Springlane,Düsseldorf,Food,NULL,0.3500,2022-10-28,"Series C",Germany,11
GoNuts,Mumbai,Media,NULL,1.0000,2022-10-27,Seed,India,NULL
Lattice,"SF Bay Area",HR,13,NULL,2022-10-27,"Series F","United States",328
Recharge,"Los Angeles",Finance,84,0.1700,2022-10-27,"Series B","United States",277
RenoRun,Montreal,Construction,210,0.4300,2022-10-27,"Series B",Canada,163
"Argo AI",Pittsburgh,Transportation,173,NULL,2022-10-26,Unknown,"United States",3600
Cybereason,Boston,Security,200,0.1700,2022-10-26,"Series F","United States",750
GoFundMe,"SF Bay Area",Finance,94,0.1200,2022-10-26,"Series A","United States",NULL
MindBody,"San Luis Obispo",Fitness,400,0.1500,2022-10-26,Post-IPO,"United States",114
Zillow,Seattle,"Real Estate",300,0.0500,2022-10-26,Post-IPO,"United States",97
"Callisto Media","SF Bay Area",Media,NULL,0.3500,2022-10-25,"Series D","United States",NULL
Embroker,"SF Bay Area",Finance,30,0.1200,2022-10-25,"Series C","United States",142
Fundbox,"SF Bay Area",Finance,150,0.4200,2022-10-25,"Series D","United States",553
Vee,"Tel Aviv",HR,17,0.5000,2022-10-25,Seed,Israel,15
Cerebral,"SF Bay Area",Healthcare,400,0.2000,2022-10-24,"Series C","United States",462
McMakler,Berlin,"Real Estate",100,NULL,2022-10-24,Unknown,Germany,214
Philips,Amsterdam,Healthcare,4000,0.0500,2022-10-24,Post-IPO,Netherlands,NULL
Snyk,Boston,Security,198,0.1400,2022-10-24,"Series F","United States",849
Unico,"Sao Paulo",Other,50,0.0400,2022-10-24,"Series D",Brazil,336
"Antidote Health","Tel Aviv",Healthcare,23,0.3800,2022-10-23,Unknown,Israel,36
OrCam,Jerusalem,Healthcare,62,0.1600,2022-10-23,Unknown,Israel,86
Elinvar,Berlin,Finance,43,0.3300,2022-10-21,Unknown,Germany,30
F5,Seattle,Security,100,0.0100,2022-10-21,Post-IPO,"United States",NULL
Khoros,Austin,Sales,120,0.1000,2022-10-21,"Private Equity","United States",138
Synapsica,"New Delhi",Healthcare,30,0.3000,2022-10-21,"Series A",India,4
Volta,"SF Bay Area",Transportation,NULL,0.5400,2022-10-21,Post-IPO,"United States",575
Hotmart,"Belo Horizonte",Marketing,227,0.1200,2022-10-20,"Series C",Brazil,127
Loom,"SF Bay Area",Product,23,0.1100,2022-10-20,"Series C","United States",203
Roofstock,"SF Bay Area","Real Estate",NULL,0.2000,2022-10-20,"Series E","United States",365
"Sales Boomerang",Baltimore,Sales,20,NULL,2022-10-20,"Private Equity","United States",5
Starry,Boston,Other,NULL,0.5000,2022-10-20,Post-IPO,"United States",260
"Zeus Living","SF Bay Area","Real Estate",64,0.4600,2022-10-20,"Series C","United States",151
AtoB,"SF Bay Area",Finance,32,0.3000,2022-10-19,"Series B","United States",177
Gopuff,Philadelphia,Food,250,NULL,2022-10-19,"Series H","United States",3400
InfoSum,London,Security,20,0.1200,2022-10-19,"Series B","United Kingdom",88
Faire,"SF Bay Area",Retail,84,0.0700,2022-10-18,"Series G","United States",1700
Leafly,Seattle,Retail,56,0.2100,2022-10-18,Post-IPO,"United States",71
"Ada Health",Berlin,Healthcare,50,NULL,2022-10-17,"Series B",Germany,189
Nuri,Berlin,Crypto,NULL,1.0000,2022-10-17,"Series B",Germany,42
Tiendanube,"Buenos Aires",Marketing,50,0.0500,2022-10-17,Unknown,Argentina,NULL
Flipboard,"SF Bay Area",Media,24,0.2100,2022-10-16,Unknown,"United States",235
"Beyond Meat","Los Angeles",Food,200,0.1900,2022-10-14,Post-IPO,"United States",122
"Clear Capital",Reno,"Real Estate",378,0.2700,2022-10-14,Unknown,"United States",NULL
"Flux Systems",London,Finance,NULL,1.0000,2022-10-14,Unknown,"United Kingdom",9
Qin1,Noida,Education,NULL,1.0000,2022-10-14,Seed,India,NULL
Playdots,"New York City",Consumer,65,1.0000,2022-10-13,Acquired,"United States",10
Salesforce,"SF Bay Area",Sales,90,NULL,2022-10-13,Post-IPO,"United States",65
6sense,"SF Bay Area",Sales,150,0.1000,2022-10-12,"Series E","United States",426
Byju's,Bengaluru,Education,2500,0.0500,2022-10-12,"Private Equity",India,5500
FrontRow,Bengaluru,Education,130,0.7500,2022-10-12,"Series A",India,17
Sinch,Stockholm,Other,150,NULL,2022-10-12,Post-IPO,Sweden,1500
Brex,"SF Bay Area",Finance,136,0.1100,2022-10-11,"Series D","United States",1500
Linkfire,Copenhagen,Marketing,35,0.3500,2022-10-11,Seed,Denmark,2
MX,Lehi,Finance,200,NULL,2022-10-11,"Series C","United States",450
Noom,"New York City",Healthcare,500,0.1000,2022-10-11,"Series F","United States",657
Pacaso,"SF Bay Area","Real Estate",100,0.3000,2022-10-11,"Series C","United States",217
Sketch,"The Hague",Other,80,NULL,2022-10-11,"Series A",Netherlands,20
Udacity,"SF Bay Area",Education,55,0.1300,2022-10-11,Unknown,"United States",235
HelloFresh,"SF Bay Area",Food,611,NULL,2022-10-10,Post-IPO,"United States",367
Momentive,"SF Bay Area",Marketing,180,0.1100,2022-10-10,Post-IPO,"United States",1100
Nyriad,Austin,Infrastructure,NULL,0.3300,2022-10-10,Unknown,"United States",58
"Pavilion Data","SF Bay Area",Infrastructure,96,0.9600,2022-10-10,"Series D","United States",103
"Redesign Health","New York City",Healthcare,67,0.2000,2022-10-10,"Series C","United States",315
BioMarin,"SF Bay Area",Healthcare,120,0.0400,2022-10-07,Post-IPO,"United States",585
Rev.com,Austin,Data,85,NULL,2022-10-07,"Series D","United States",30
Crypto.com,Singapore,Crypto,2000,0.3000,2022-10-06,Unknown,Singapore,156
"Foresight Insurance","SF Bay Area",Finance,NULL,0.4000,2022-10-06,"Series B","United States",58
"Impossible Foods","SF Bay Area",Food,50,0.0600,2022-10-06,"Series H","United States",1900
Landing,Birmingham,"Real Estate",110,NULL,2022-10-06,"Series C","United States",347
Peloton,"New York City",Fitness,500,0.1200,2022-10-06,Post-IPO,"United States",1900
Turnitin,"SF Bay Area",Education,51,0.0500,2022-10-06,Acquired,"United States",NULL
"Built In",Chicago,Recruiting,50,0.2500,2022-10-05,"Series C","United States",29
TwinStrand,Seattle,Healthcare,NULL,0.5000,2022-10-05,"Series B","United States",73
8x8,"SF Bay Area",Support,200,0.0900,2022-10-04,Post-IPO,"United States",253
Fivetran,"SF Bay Area",Data,NULL,0.0500,2022-10-04,"Series D","United States",NULL
Homie,"Salt Lake City","Real Estate",40,0.1300,2022-10-04,"Series B","United States",35
Xendit,Jakarta,Finance,NULL,0.0500,2022-10-04,"Series D",Indonesia,534
Zoomo,Sydney,Transportation,NULL,0.1600,2022-10-04,"Series B",Australia,105
ActiveCampaign,Chicago,Marketing,NULL,0.1500,2022-10-03,"Series C","United States",360
WazirX,Mumbai,Crypto,60,0.4000,2022-10-02,Acquired,India,NULL
Carsome,"Kuala Lumpur",Transportation,NULL,0.1000,2022-09-30,"Series E",Malaysia,607
Pastel,"SF Bay Area",Food,NULL,1.0000,2022-09-30,Unknown,"United States",NULL
Spin,"SF Bay Area",Transportation,78,0.1000,2022-09-30,Acquired,"United States",8
Mux,"SF Bay Area",Infrastructure,40,0.2000,2022-09-29,"Series D","United States",173
Solarisbank,Berlin,Finance,NULL,0.1000,2022-09-29,Unknown,Germany,385
Westwing,Munich,Retail,125,NULL,2022-09-29,Post-IPO,Germany,237
DocuSign,"SF Bay Area",Sales,671,0.0900,2022-09-28,Post-IPO,"United States",536
Volta,"SF Bay Area",Transportation,NULL,0.1000,2022-09-28,Post-IPO,"United States",575
"Divvy Homes","SF Bay Area","Real Estate",40,0.1200,2022-09-27,"Series B","United States",180
Foxtrot,Chicago,Food,26,0.0350,2022-09-23,"Series C","United States",166
Konfio,"Mexico City",Finance,180,NULL,2022-09-23,"Series E","United States",706
Moss,Berlin,Fin-Tech,70,0.1500,2022-09-23,"Series B",Germany,150
Pesto,"SF Bay Area",Other,NULL,1.0000,2022-09-23,Seed,"United States",6
Truiloo,Vancouver,Security,24,0.0500,2022-09-23,"Series D",Canada,474
Klarna,Stockholm,Finance,100,NULL,2022-09-22,Unknown,Sweden,3700
Made.com,London,Retail,NULL,0.3500,2022-09-22,"Series D","United Kingdom",136
NYDIG,"New York City",Crypto,110,0.3300,2022-09-22,"Private Equity","United States",1400
"Kitty Hawk","SF Bay Area",Aerospace,100,1.0000,2022-09-21,Unknown,"United States",1
99,"Sao Paulo",Transportation,75,0.0200,2022-09-20,Acquired,Brazil,244
Ada,Toronto,Support,78,0.1600,2022-09-20,"Series C",Canada,190
Compass,"New York City","Real Estate",271,NULL,2022-09-20,Post-IPO,"United States",1600
Curative,"Los Angeles",Healthcare,109,NULL,2022-09-20,Seed,"United States",8
Ouster,"SF Bay Area",Transportation,NULL,0.1000,2022-09-20,Post-IPO,"United States",282
Zappos,"Las Vegas",Retail,NULL,0.0400,2022-09-20,Acquired,"United States",62
Ola,Bengaluru,Transportation,200,NULL,2022-09-19,"Series J",India,5000
"Vesalius Therapeutics",Boston,Healthcare,29,0.4300,2022-09-19,"Series B","United States",75
VideoAmp,"Los Angeles",Marketing,NULL,0.0200,2022-09-19,"Series F","United States",456
Clear,Bengaluru,Finance,190,0.2000,2022-09-16,"Series C",India,140
TrueLayer,London,Finance,40,0.1000,2022-09-16,"Series E","United States",271
Acast,Stockholm,Media,70,0.1500,2022-09-15,Post-IPO,Sweden,126
LivePerson,"New York City",Support,193,0.1100,2022-09-15,Post-IPO,"United States",42
NextRoll,"SF Bay Area",Marketing,NULL,0.0700,2022-09-15,Unknown,"United States",108
WorkRamp,"SF Bay Area",HR,35,0.2000,2022-09-15,"Series C","United States",67
Bitrise,Budapest,Infrastructure,NULL,0.1400,2022-09-14,"Series C",Hungary,83
Infarm,Berlin,Other,50,0.0500,2022-09-14,"Series D",Germany,604
Netflix,"SF Bay Area",Media,30,NULL,2022-09-14,Post-IPO,"United States",121900
Pitch,Berlin,Marketing,59,0.3000,2022-09-14,"Series B",Germany,137
Twilio,"SF Bay Area",Other,800,0.1100,2022-09-14,Post-IPO,"United States",614
Checkout.com,London,Finance,100,0.0500,2022-09-13,"Series D","United Kingdom",1800
FullStory,Atlanta,Marketing,NULL,0.1200,2022-09-13,Unknown,"United States",197
Patreon,"SF Bay Area",Media,80,0.1700,2022-09-13,"Series F","United States",413
Propzy,"Ho Chi Minh City","Real Estate",NULL,1.0000,2022-09-13,"Series A",Vietnam,33
Rubius,Boston,Healthcare,160,0.7500,2022-09-13,Post-IPO,"United States",445
Taboola,"New York City",Marketing,100,0.0600,2022-09-13,Post-IPO,"United States",445
Compete,"Tel Aviv",HR,11,0.2800,2022-09-12,"Series A",Israel,17
Karbon,"SF Bay Area",Other,NULL,0.2300,2022-09-12,"Series B","United States",91
"Mode Analytics","SF Bay Area",Data,25,NULL,2022-09-12,"Series D","United States",81
Quicko,"Sao Paulo",Transportation,60,NULL,2022-09-12,Acquired,Brazil,28
"Rent the Runway","New York City",Retail,NULL,0.2400,2022-09-12,Post-IPO,"United States",526
"Amber Group","Hong Kong",Crypto,NULL,0.1000,2022-09-09,"Series B","Hong Kong",328
Brighte,Sydney,Energy,58,NULL,2022-09-09,"Series C",Australia,145
CommonBond,"New York City",Finance,NULL,1.0000,2022-09-09,"Series D","United States",125
Flowhub,Denver,Retail,NULL,0.1500,2022-09-09,Unknown,"United States",45
"Lido Learning",Mumbai,Education,NULL,1.0000,2022-09-09,"Series C",India,20
Patreon,"SF Bay Area",Media,5,NULL,2022-09-09,"Series F","United States",413
SkipTheDishes,Winnipeg,Food,350,NULL,2022-09-09,Acquired,Canada,6
BigBear.ai,Baltimore,Data,NULL,0.0700,2022-09-08,Post-IPO,"United States",200
"Genome Medical","SF Bay Area",Healthcare,23,NULL,2022-09-08,"Series C","United States",120
GoStudent,Vienna,Education,200,NULL,2022-09-08,"Series D",Austria,686
"Pomelo Fashion",Bangkok,Retail,55,0.0800,2022-09-08,Unknown,Thailand,120
Demandbase,"SF Bay Area",Sales,27,0.0300,2022-09-07,"Series H","United States",143
Foodpanda,Singapore,Food,60,NULL,2022-09-07,Acquired,Singapore,749
Intercom,"SF Bay Area",Support,49,0.0500,2022-09-07,"Series D","United States",240
Medly,"New York City",Healthcare,NULL,0.5000,2022-09-07,"Series C","United States",100
Pendo,Raleigh,Product,45,0.0500,2022-09-07,"Series F","United States",469
Rupeek,Bengaluru,Finance,50,NULL,2022-09-07,Unknown,India,172
"Simple Feast",Copenhagen,Food,150,1.0000,2022-09-07,Unknown,Denmark,173
Uber,Vilnius,Transportation,60,NULL,2022-09-07,Post-IPO,Lithuania,24700
"Brave Care",Portland,Healthcare,40,0.3300,2022-09-06,"Series B","United States",42
"Juniper Square","SF Bay Area","Real Estate",NULL,0.1400,2022-09-06,"Series C","United States",108
Lawgeex,"Tel Aviv",Legal,30,0.3300,2022-09-06,"Series C",Israel,41
Medium,"SF Bay Area",Media,NULL,0.2500,2022-09-06,Unknown,"United States",163
Kuda,Lagos,Finance,23,0.0500,2022-09-02,"Series B",Nigeria,91
2TM,"Sao Paulo",Crypto,100,0.1500,2022-09-01,Unknown,Brazil,250
Hedvig,Stockholm,Finance,12,NULL,2022-09-01,"Series B",Sweden,67
Innovaccer,"SF Bay Area",Healthcare,90,0.0800,2022-09-01,"Series E","United States",379
Shopify,Ottawa,Retail,70,NULL,2022-09-01,Post-IPO,Canada,122
"Urban Sports Club",Berlin,Fitness,55,0.1500,2022-09-01,Unknown,Germany,95
"Apartment List","SF Bay Area","Real Estate",29,0.1000,2022-08-31,"Series D","United States",169
Artnight,Berlin,Retail,26,0.3600,2022-08-31,Unknown,Germany,NULL
Clari,"SF Bay Area",Sales,45,NULL,2022-08-31,"Series F","United States",496
GoodRx,"Los Angeles",Healthcare,140,0.1600,2022-08-31,Post-IPO,"United States",910
"Hippo Insurance","SF Bay Area",Finance,70,0.1000,2022-08-31,Post-IPO,"United States",1300
Koo,Bengaluru,Consumer,40,NULL,2022-08-31,"Series B",India,44
Smava,Berlin,Finance,100,0.1000,2022-08-31,Unknown,Germany,188
Snap,"Los Angeles",Consumer,1280,0.2000,2022-08-31,Post-IPO,"United States",4900
TCR2,Boston,Healthcare,30,0.2000,2022-08-31,Post-IPO,"United States",173
"The Wing","New York City","Real Estate",NULL,1.0000,2022-08-31,"Series C","United States",117
Electric,"New York City",Other,81,NULL,2022-08-30,"Series D","United States",212
"Immersive Labs",Bristol,Security,38,0.1000,2022-08-30,"Series C","United Kingdom",123
Nate,"New York City",Retail,30,NULL,2022-08-30,"Series A","United States",47
54gene,"Washington D.C.",Healthcare,95,0.3000,2022-08-29,"Series B","United States",44
Meesho,Bengaluru,Retail,300,NULL,2022-08-29,"Series F",India,1100
Argyle,"New York City",Finance,20,0.0700,2022-08-26,"Series B","United States",78
Okta,"SF Bay Area",Security,24,NULL,2022-08-26,Post-IPO,"United States",1200
Zymergen,"SF Bay Area",Other,80,NULL,2022-08-26,Acquired,"United States",974
FreshDirect,Philadelphia,Food,40,NULL,2022-08-25,Acquired,"United States",280
Impact.com,"Los Angeles",Marketing,NULL,0.1000,2022-08-25,"Private Equity","United States",361
"Loja Integrada","Sao Paulo",Retail,25,0.1000,2022-08-25,Acquired,Brazil,NULL
ShipBob,Chicago,Logistics,NULL,0.0700,2022-08-25,"Series E","United States",330
Loop,"Washington D.C.",Finance,15,0.2000,2022-08-24,"Series A","United States",24
Reali,"SF Bay Area","Real Estate",140,1.0000,2022-08-24,"Series B","United States",117
DataRobot,Boston,Data,NULL,0.2600,2022-08-23,"Series G","United States",1000
Packable,"New York City",Retail,138,0.2000,2022-08-23,Unknown,"United States",472
Plato,"SF Bay Area",HR,29,0.5000,2022-08-23,Seed,"United States",3
Q4,Toronto,Other,50,0.0800,2022-08-23,"Series C",Canada,91
Skedulo,"SF Bay Area",HR,31,0.0800,2022-08-23,"Series C","United States",114
"Tier Mobility",Berlin,Transportation,180,0.1600,2022-08-23,"Series D",Germany,646
"Mr. Yum",Melbourne,Food,NULL,0.1700,2022-08-22,"Series A","United States",73
ShopX,Bengaluru,Retail,NULL,1.0000,2022-08-22,Unknown,India,56
NSO,"Tel Aviv",Security,100,0.1400,2022-08-21,Seed,Israel,1
Tufin,Boston,Security,55,0.1000,2022-08-21,Acquired,"United States",21
Amperity,Seattle,Marketing,13,0.0300,2022-08-20,"Series D","United States",187
Hodlnaut,Singapore,Crypto,40,0.8000,2022-08-19,Unknown,Singapore,NULL
Stripe,"SF Bay Area",Finance,50,NULL,2022-08-19,"Series H","United States",2300
Wayfair,Boston,Retail,870,0.0500,2022-08-19,Post-IPO,"United States",1700
"New Relic","SF Bay Area",Infrastructure,110,0.0500,2022-08-18,Post-IPO,"United States",214
"Thirty Madison","New York City",Healthcare,NULL,0.1000,2022-08-18,"Series C","United States",209
Vendasta,Saskatoon,Marketing,NULL,0.0500,2022-08-18,"Series D",Canada,178
Wheel,Austin,Healthcare,35,0.1700,2022-08-18,"Series C","United States",215
Fluke,"Sao Paulo",Other,83,0.8200,2022-08-17,Seed,Brazil,NULL
Genesis,"New York City",Crypto,52,0.2000,2022-08-17,"Series A","United States",NULL
Malwarebytes,"SF Bay Area",Security,125,0.1400,2022-08-17,"Series B","United States",80
Swyftx,Brisbane,Crypto,74,0.2100,2022-08-17,Unknown,Australia,NULL
"Tempo Automation","SF Bay Area",Other,54,NULL,2022-08-17,"Series C","United States",74
Warren,"Porto Alegre",Finance,50,NULL,2022-08-17,"Series C",Brazil,104
AlayaCare,Montreal,Healthcare,80,0.1400,2022-08-16,"Series D",Canada,293
Edmodo,"SF Bay Area",Education,NULL,1.0000,2022-08-16,Acquired,"United States",77
Pliops,"Tel Aviv",Data,12,0.0900,2022-08-16,"Series D",Israel,205
Snapdocs,"SF Bay Area","Real Estate",NULL,0.1000,2022-08-16,"Series D","United States",253
Woven,Indianapolis,HR,5,0.1500,2022-08-16,"Series A","United States",11
Blend,"SF Bay Area",Finance,220,0.1200,2022-08-15,Post-IPO,"United States",665
ContraFect,"New York City",Healthcare,16,0.3700,2022-08-15,Post-IPO,"United States",380
Sema4,Stamford,Healthcare,250,0.1300,2022-08-15,Post-IPO,"United States",791
ThredUp,Chicago,Retail,NULL,0.1500,2022-08-15,Post-IPO,"United States",305
Anywell,"Tel Aviv","Real Estate",11,NULL,2022-08-14,"Series A",Israel,15
"Core Scientific",Austin,Crypto,NULL,0.1000,2022-08-12,Post-IPO,"United States",169
Peloton,"New York City",Fitness,784,0.1300,2022-08-12,Post-IPO,"United States",1900
Betterfly,Santiago,Healthcare,30,NULL,2022-08-11,"Series C",Chile,204
Calm,"SF Bay Area",Healthcare,90,0.2000,2022-08-11,"Series C","United States",218
Expert360,Sydney,Recruiting,7,NULL,2022-08-11,"Series C",Australia,26
FourKites,Chicago,Logistics,60,0.0800,2022-08-11,"Series D","United States",201
Guidewire,"SF Bay Area",Finance,NULL,0.0200,2022-08-11,Post-IPO,"United States",24
Marketforce,Nairobi,Retail,54,0.0900,2022-08-11,"Series A",Kenya,42
Truepill,"SF Bay Area",Healthcare,175,0.3300,2022-08-11,"Series D","United States",255
Homeward,Austin,"Real Estate",NULL,0.2000,2022-08-10,"Series B","United States",160
Permutive,London,Marketing,30,0.1200,2022-08-10,"Series C","United Kingdom",105
Pollen,London,Marketing,NULL,1.0000,2022-08-10,"Series C","United Kingdom",238
Trybe,"Sao Paulo",Education,47,0.1000,2022-08-10,"Series B",Brazil,40
"Vedanta Biosciences",Boston,Healthcare,NULL,0.2000,2022-08-10,"Series D","United States",301
Absci,Vancouver,Healthcare,40,NULL,2022-08-09,Post-IPO,"United States",237
"Berkeley Lights","SF Bay Area",Healthcare,NULL,0.1200,2022-08-09,Post-IPO,"United States",272
DailyPay,"New York City",Finance,NULL,0.1500,2022-08-09,Unknown,"United States",814
Dooly,Vancouver,Sales,12,NULL,2022-08-09,"Series B",Canada,102
GoHealth,Chicago,Healthcare,800,0.2000,2022-08-09,Post-IPO,"United States",75
Haus,"SF Bay Area",Food,NULL,1.0000,2022-08-09,Seed,"United States",7
Hootsuite,Vancouver,Marketing,400,0.3000,2022-08-09,"Series C",Canada,300
Kaltura,"New York City",Media,NULL,0.1000,2022-08-09,Post-IPO,"United States",166
Linktree,Melbourne,Consumer,50,0.1700,2022-08-09,Unknown,Australia,165
MadeiraMadeira,Curitiba,Retail,60,0.0300,2022-08-09,"Series E",Brazil,338
Melio,"New York City",Finance,60,NULL,2022-08-09,"Series D","United States",504
Nutanix,"SF Bay Area",Infrastructure,270,0.0400,2022-08-09,Post-IPO,"United States",1100
Quanterix,Boston,Healthcare,130,0.2500,2022-08-09,Post-IPO,"United States",533
Shogun,"SF Bay Area",Retail,48,0.3000,2022-08-09,"Series C","United States",114
Wix,"Tel Aviv",Marketing,100,NULL,2022-08-09,Post-IPO,Israel,58
"Daily Harvest","New York City",Food,NULL,0.1500,2022-08-08,"Series D","United States",120
Groupon,Chicago,Retail,500,0.1500,2022-08-08,Post-IPO,"United States",1400
Labelbox,"SF Bay Area",Data,36,NULL,2022-08-08,"Series D","United States",188
Loggi,"Sao Paulo",Logistics,500,0.1500,2022-08-08,"Series F",Brazil,507
Perion,"Tel Aviv",Marketing,20,0.0500,2022-08-08,Post-IPO,Israel,76
Vroom,"New York City",Transportation,337,NULL,2022-08-08,Post-IPO,"United States",1300
"Warby Parker","New York City",Consumer,63,NULL,2022-08-08,Post-IPO,"United States",535
iRobot,Boston,Consumer,140,0.1000,2022-08-05,Acquired,"United States",30
Mejuri,Toronto,Retail,50,0.1000,2022-08-05,"Series B",Canada,28
Uberflip,Toronto,Marketing,31,0.1700,2022-08-05,"Series A",Canada,42
"10X Genomics","SF Bay Area",Healthcare,100,0.0800,2022-08-04,Post-IPO,"United States",242
Article,Vancouver,Retail,216,0.1700,2022-08-04,"Series B",Canada,NULL
Doma,"SF Bay Area",Finance,250,0.1300,2022-08-04,Post-IPO,"United States",679
"Jam City","Los Angeles",Consumer,200,0.1700,2022-08-04,Unknown,"United States",652
LEAD,Mumbai,Education,80,0.0400,2022-08-04,"Series E",India,166
Medly,"New York City",Healthcare,NULL,0.1600,2022-08-04,"Series C","United States",100
Nomad,"Sao Paulo",Finance,NULL,0.2000,2022-08-04,"Series B",Brazil,290
"On Deck","SF Bay Area",Education,73,0.3300,2022-08-04,"Series A","United States",20
RenoRun,Montreal,Construction,70,0.1200,2022-08-04,"Series B",Canada,163
RingCentral,"SF Bay Area",Support,50,NULL,2022-08-04,Post-IPO,"United States",44
Weedmaps,"Los Angeles",Other,NULL,0.1000,2022-08-04,Acquired,"United States",NULL
Zendesk,"SF Bay Area",Support,80,NULL,2022-08-04,Acquired,"United States",85
Zenius,Jakarta,Education,NULL,0.3000,2022-08-04,"Series B",Indonesia,20
"Beyond Meat","Los Angeles",Food,40,NULL,2022-08-03,Post-IPO,"United States",122
Healthcare.com,Miami,Healthcare,149,NULL,2022-08-03,"Series C","United States",244
Puppet,Portland,Infrastructure,NULL,0.1500,2022-08-03,Acquired,"United States",189
SoundCloud,Berlin,Consumer,NULL,0.2000,2022-08-03,Unknown,Germany,542
Talkwalker,Luxembourg,Marketing,NULL,0.1500,2022-08-03,"Private Equity",Luxembourg,9
"The Org","New Delhi",HR,13,NULL,2022-08-03,"Series B","United States",39
Unbounce,Vancouver,Marketing,47,0.2000,2022-08-03,"Series A",Canada,39
"Butterfly Network","New Haven",Healthcare,NULL,0.1000,2022-08-02,Post-IPO,"United States",530
Glossier,"New York City",Retail,19,0.0800,2022-08-02,"Series E","United States",266
Latch,"New York City",Security,115,0.3700,2022-08-02,Post-IPO,"United States",342
Nylas,"SF Bay Area",Product,80,0.2500,2022-08-02,"Series C","United States",175
Outreach,Seattle,Sales,60,0.0500,2022-08-02,"Series G","United States",489
Robinhood,"SF Bay Area",Finance,713,0.2300,2022-08-02,Post-IPO,"United States",5600
Seegrid,Pittsburgh,Logistics,90,NULL,2022-08-02,Unknown,"United States",107
Sendy,Nairobi,Logistics,30,0.1000,2022-08-02,"Series B",Kenya,26
Sendy,Nairobi,Logistics,54,0.2000,2022-08-02,"Series B",Kenya,26
Stedi,Boulder,Product,23,0.3000,2022-08-02,"Series B","United States",75
"The Predictive Index",Boston,HR,40,NULL,2022-08-02,Acquired,"United States",71
Vedantu,Bengaluru,Education,100,NULL,2022-08-02,"Series E",India,292
Hash,"Sao Paulo",Finance,58,0.5000,2022-08-01,"Series C",Brazil,58
"Perceptive Automata",Boston,Transportation,NULL,1.0000,2022-08-01,"Series A","United States",20
Gatherly,Atlanta,Marketing,NULL,0.5000,2022-07-31,NULL,"United States",NULL
Metigy,Sydney,Marketing,75,1.0000,2022-07-31,"Series B",Australia,18
Vee,"Tel Aviv",HR,16,0.3200,2022-07-31,Seed,Israel,15
Clearco,Toronto,Fin-Tech,125,0.2500,2022-07-29,"Series C",Canada,681
"Imperfect Foods","SF Bay Area",Food,50,NULL,2022-07-29,"Series D","United States",229
Ola,Bengaluru,Transportation,1000,NULL,2022-07-29,"Series J",India,5000
Quantcast,"SF Bay Area",Marketing,40,0.0600,2022-07-29,"Series C","United States",65
"Shelf Engine",Seattle,Food,43,NULL,2022-07-29,"Series B","United States",58
Sherpa,Toronto,Travel,22,NULL,2022-07-29,Unknown,Canada,11
Yabonza,Sydney,"Real Estate",NULL,1.0000,2022-07-29,Unknown,Australia,6
2U,"Washington D.C.",Education,NULL,0.2000,2022-07-28,Post-IPO,"United States",426
Allbirds,"SF Bay Area",Retail,23,NULL,2022-07-28,Post-IPO,"United States",202
"Career Karma","SF Bay Area",Education,60,0.3300,2022-07-28,"Series B","United States",51
Change.org,"SF Bay Area",Other,NULL,0.1900,2022-07-28,"Series D","United States",72
Laybuy,Auckland,Finance,45,NULL,2022-07-28,Post-IPO,"New Zealand",130
Metromile,"SF Bay Area",Finance,60,0.2000,2022-07-28,Acquired,"United States",510
Ribbon,"New York City","Real Estate",136,NULL,2022-07-28,"Series C","United States",405
TextNow,Waterloo,Consumer,22,NULL,2022-07-28,Seed,Canada,1
Turntide,"SF Bay Area",Energy,NULL,0.2000,2022-07-28,Unknown,"United States",491
Coinsquare,Toronto,Crypto,30,0.2400,2022-07-27,Unknown,Canada,98
Rivian,Detroit,Transportation,840,0.0600,2022-07-27,Post-IPO,"United States",10700
Skai,"Tel Aviv",Marketing,30,0.0400,2022-07-27,"Series E",Israel,60
"Vox Media","Washington D.C.",Media,39,0.0200,2022-07-27,"Series F","United States",307
Dover,"SF Bay Area",Recruiting,23,0.3000,2022-07-26,"Series A","United States",22
Fiverr,"Tel Aviv",Other,60,0.0800,2022-07-26,Post-IPO,Israel,111
Immutable,Sydney,Crypto,20,0.0600,2022-07-26,"Series C",Australia,279
InDebted,Sydney,Finance,40,0.1700,2022-07-26,"Series B",Australia,41
McMakler,Berlin,"Real Estate",90,NULL,2022-07-26,Unknown,Germany,214
Outbrain,"New York City",Marketing,38,0.0300,2022-07-26,Post-IPO,"United States",394
Shopify,Ottawa,Retail,1000,0.1000,2022-07-26,Post-IPO,Canada,122
"Included Health","SF Bay Area",Healthcare,NULL,0.0600,2022-07-25,"Series E","United States",272
"Pear Therapeutics",Boston,Healthcare,25,0.0900,2022-07-25,Post-IPO,"United States",409
Zymergen,"SF Bay Area",Other,80,NULL,2022-07-25,Acquired,"United States",974
Soluto,"Tel Aviv",Support,120,1.0000,2022-07-24,Acquired,Israel,18
"Boosted Commerce","Los Angeles",Retail,NULL,0.0500,2022-07-22,"Series B","United States",137
"Clarify Health","SF Bay Area",Healthcare,15,0.0500,2022-07-22,"Series D","United States",328
Eucalyptus,Sydney,Healthcare,50,0.2000,2022-07-22,"Series C","United States",69
Quanto,"Sao Paulo",Finance,28,0.2200,2022-07-22,"Series A",Brazil,15
Workstream,"SF Bay Area",HR,45,NULL,2022-07-22,"Series B","United States",58
98point6,Seattle,Healthcare,NULL,0.1000,2022-07-21,"Series E","United States",247
AppGate,Miami,Security,130,0.2200,2022-07-21,Post-IPO,"United States",NULL
Blockchain.com,London,Crypto,150,0.2500,2022-07-21,"Series D","United Kingdom",490
"Callisto Media","SF Bay Area",Media,140,0.3500,2022-07-21,"Series D","United States",NULL
InVision,"New York City",Product,NULL,0.5000,2022-07-21,"Series F","United States",356
Lunchbox,"New York City",Food,60,0.3300,2022-07-21,"Series B","United States",72
"Rad Power Bikes",Seattle,Transportation,63,0.1000,2022-07-21,"Series D","United States",329
RealSelf,Seattle,Healthcare,11,0.0500,2022-07-21,"Series B","United States",42
WHOOP,Boston,Fitness,95,0.1500,2022-07-21,"Series F","United States",404
Arc,"SF Bay Area",HR,13,NULL,2022-07-20,Seed,"United States",1
BlueStacks,"SF Bay Area",Other,60,NULL,2022-07-20,"Series C","United States",48
Flyhomes,Seattle,"Real Estate",200,0.2000,2022-07-20,"Series C","United States",310
Forma.ai,Toronto,Sales,15,0.0900,2022-07-20,"Series B",Canada,58
Introhive,Ferdericton,Sales,57,0.1600,2022-07-20,"Series C",Canada,125
"Just Eat Takeaway",Amsterdam,Food,390,NULL,2022-07-20,Post-IPO,Netherlands,2800
Lyft,"SF Bay Area",Transportation,60,0.0200,2022-07-20,Post-IPO,"United States",4900
Splice,"New York City",Media,23,NULL,2022-07-20,"Series D","United States",159
Varo,"SF Bay Area",Finance,75,NULL,2022-07-20,"Series E","United States",992
Zencity,"Tel Aviv",Other,30,0.2000,2022-07-20,Unknown,Israel,51
Capsule,"New York City",Healthcare,NULL,0.1300,2022-07-19,"Series D","United States",570
Invitae,"SF Bay Area",Healthcare,1000,NULL,2022-07-19,Post-IPO,"United States",2000
M1,Chicago,Finance,38,NULL,2022-07-19,"Series E","United States",323
Olive,Columbus,Healthcare,450,0.3100,2022-07-19,"Series H","United States",856
SellerX,Berlin,Retail,28,NULL,2022-07-19,Unknown,Germany,766
Stint,London,HR,28,0.2000,2022-07-19,Unknown,"United Kingdom",NULL
Freshly,"New York City",Food,NULL,0.2500,2022-07-18,Acquired,"United States",107
Gemini,"New York City",Crypto,68,0.0700,2022-07-18,Unknown,"United States",423
Hydrow,Boston,Fitness,NULL,0.3500,2022-07-18,"Series D","United States",269
Lusha,"New York City",Marketing,30,0.1000,2022-07-18,"Series B","United States",245
"PACT Pharma","SF Bay Area",Healthcare,94,NULL,2022-07-18,"Series C","United States",200
Vimeo,"New York City",Consumer,NULL,0.0600,2022-07-18,Post-IPO,"United States",450
Aspire,"SF Bay Area",Marketing,23,NULL,2022-07-15,"Series A","United States",27
"Bright Money",Bengaluru,Finance,100,0.5000,2022-07-15,"Series A",India,31
Heroes,London,Retail,24,0.2000,2022-07-15,Unknown,"United States",265
Project44,Chicago,Logistics,63,0.0500,2022-07-15,Unknown,"United States",817
StyleSeat,"SF Bay Area",Consumer,NULL,0.1700,2022-07-15,"Series C","United States",40
Kiavi,"SF Bay Area","Real Estate",39,0.0700,2022-07-14,"Series E","United States",240
OpenSea,"New York City",Crypto,NULL,0.2000,2022-07-14,"Series C","United States",427
"The Mom Project",Chicago,HR,54,0.1500,2022-07-14,"Series C","United States",115
"Unstoppable Domains","SF Bay Area",Crypto,42,0.2500,2022-07-14,"Series B","United States",7
Zego,London,Finance,85,0.1700,2022-07-14,"Series C","United Kingdom",202
"100 Thieves","Los Angeles",Consumer,12,NULL,2022-07-13,"Series C","United States",120
Arrival,London,Transportation,NULL,0.3000,2022-07-13,Post-IPO,"United Kingdom",629
Bryter,Berlin,Product,100,0.3000,2022-07-13,"Series B",Germany,89
ChowNow,"Los Angeles",Food,100,0.2000,2022-07-13,"Series C","United States",64
Fabric,"New York City",Logistics,120,0.4000,2022-07-13,"Series C","United States",336
Involves,Florianópolis,Retail,70,0.1800,2022-07-13,Unknown,Brazil,23
Nuro,"SF Bay Area",Transportation,7,NULL,2022-07-13,"Series D","United States",2100
Papa,Miami,Other,NULL,0.1500,2022-07-13,"Series D","United States",241
Tonal,"SF Bay Area",Fitness,262,0.3500,2022-07-13,"Series E","United States",450
Wave,Dakar,Finance,300,0.1500,2022-07-13,"Series A",Senegal,292
Airlift,Lahore,Logistics,NULL,1.0000,2022-07-12,"Series B",Pakistan,109
Babylon,London,Healthcare,100,NULL,2022-07-12,Post-IPO,"United Kingdom",1100
Fraazo,Mumbai,Food,150,NULL,2022-07-12,"Series B",India,63
Gopuff,Philadelphia,Food,1500,0.1000,2022-07-12,"Series H","United States",3400
Hubilo,"SF Bay Area",Marketing,45,0.1200,2022-07-12,"Series B","United States",153
Alice,"Sao Paulo",Healthcare,63,NULL,2022-07-11,"Series C",Brazil,174
Forward,"SF Bay Area",Healthcare,NULL,0.0500,2022-07-11,"Series D","United States",225
Hopin,London,Other,242,0.2900,2022-07-11,"Series D","United Kingdom",1000
Ignite,"SF Bay Area",Crypto,NULL,0.5000,2022-07-11,"Series A","United States",9
SundaySky,"New York City",Marketing,24,0.1300,2022-07-11,"Series D","United States",74
"Butler Hospitality","New York City",Food,1000,1.0000,2022-07-08,"Series B","United States",50
Calibrate,"New York City",Healthcare,156,0.2400,2022-07-08,"Series B","United States",127
NextRoll,"SF Bay Area",Marketing,NULL,0.0300,2022-07-08,Unknown,"United States",108
PuduTech,Shenzen,Other,1500,NULL,2022-07-08,"Series C",China,184
Adwerx,Durham,Marketing,40,NULL,2022-07-07,Unknown,"United States",20
"Argo AI",Pittsburgh,Transportation,150,0.0500,2022-07-07,Unknown,"United States",3600
Cedar,"New York City",Healthcare,NULL,0.2400,2022-07-07,"Series D","United States",351
Emotive,"Los Angeles",Marketing,30,0.1800,2022-07-07,"Series B","United States",78
"Next Insurance","SF Bay Area",Finance,150,0.1700,2022-07-07,"Series E","United States",881
Anodot,"Tel Aviv",Data,35,0.2700,2022-07-06,"Series C","United States",64
Remote,"SF Bay Area",HR,100,0.0900,2022-07-06,"Series C","United States",496
Shopify,Ottawa,Retail,50,NULL,2022-07-06,Post-IPO,Canada,122
SQream,"New York City",Data,30,0.1800,2022-07-06,"Series B","United States",77
Bizzabo,"New York City",Marketing,120,0.3000,2022-07-05,"Series E","United States",194
Bullish,"Hong Kong",Crypto,30,0.0800,2022-07-05,Unknown,"Hong Kong",300
eToro,"Tel Aviv",Finance,100,0.0600,2022-07-05,Unknown,Israel,322
Loft,"Sao Paulo","Real Estate",384,0.1200,2022-07-05,Unknown,Brazil,788
Outschool,"SF Bay Area",Education,31,0.1800,2022-07-05,"Series D","United States",240
Syte,"Tel Aviv",Retail,13,0.0800,2022-07-05,"Series C",Israel,71
Thimble,"New York City",Fin-Tech,20,0.3300,2022-07-05,"Series A","United States",28
"Transmit Security",Boston,Security,27,0.0700,2022-07-05,"Series A","United States",583
Verbit,"New York City",Data,80,0.1000,2022-07-05,"Series E","United States",569
Chessable,London,Consumer,29,NULL,2022-07-04,Acquired,"United Kingdom",0
Lendis,Berlin,Other,18,0.1500,2022-07-04,"Series A",Germany,90
Lightricks,Jerusalem,Consumer,80,0.1200,2022-07-04,"Series D",Israel,335
Sendle,Sydney,Logistics,27,0.1200,2022-07-04,"Series C",Australia,69
Celsius,"New York City",Crypto,150,0.2500,2022-07-03,"Series B","United States",864
Gorillas,Berlin,Food,540,NULL,2022-07-03,"Series C",Germany,1300
Zepto,Brisbane,Finance,NULL,0.1000,2022-07-02,"Series A",Australia,25
"Bamboo Health",Louisville,Healthcare,52,NULL,2022-07-01,Unknown,"United States",NULL
Canoo,"Los Angeles",Transportation,58,0.0600,2022-07-01,Post-IPO,"United States",300
Teleport,"SF Bay Area",Infrastructure,15,0.0600,2022-07-01,"Series C","United States",169
WanderJaunt,"SF Bay Area",Travel,85,1.0000,2022-07-01,"Series B","United States",26
Abra,"SF Bay Area",Crypto,12,0.0500,2022-06-30,"Series C","United States",106
Crejo.Fun,Bengaluru,Education,170,1.0000,2022-06-30,Seed,India,3
Enjoy,"SF Bay Area",Retail,400,0.1800,2022-06-30,Post-IPO,"United States",310
"Finleap Connect",Hamburg,Finance,14,0.1000,2022-06-30,"Series A",Germany,22
Gavelytics,"Los Angeles",Legal,NULL,1.0000,2022-06-30,Seed,"United States",5
Nate,"New York City",Retail,30,0.2000,2022-06-30,"Series A","United States",47
Snyk,Boston,Security,30,NULL,2022-06-30,"Series F","United States",849
"Stash Financial","New York City",Finance,40,0.0800,2022-06-30,Unknown,"United States",480
Stream,Boulder,Product,20,0.1200,2022-06-30,"Series B","United States",58
Sundae,"SF Bay Area","Real Estate",NULL,0.1500,2022-06-30,"Series C","United States",135
AvantStay,"Los Angeles",Travel,80,NULL,2022-06-29,Unknown,"United States",811
Baton,"SF Bay Area",Transportation,16,0.2500,2022-06-29,"Series A","United States",13
Clutch,Toronto,Transportation,76,0.2200,2022-06-29,"Series B",Canada,153
Degreed,"SF Bay Area",Education,NULL,0.1500,2022-06-29,"Series D","United States",411
HomeLight,"SF Bay Area","Real Estate",NULL,0.1900,2022-06-29,"Series D","United States",743
Niantic,"SF Bay Area",Consumer,85,0.0800,2022-06-29,"Series D","United States",770
"Oye Rickshaw","New Delhi",Transportation,40,0.2000,2022-06-29,Unknown,India,13
"Parallel Wireless",Nashua,Infrastructure,60,NULL,2022-06-29,Unknown,"United States",8
Qumulo,Seattle,Data,80,0.1900,2022-06-29,"Series E","United States",347
Rows,Berlin,Other,18,0.3000,2022-06-29,"Series B",Germany,25
Substack,"SF Bay Area",Media,13,0.1400,2022-06-29,"Series B","United States",82
Toppr,Mumbai,Education,350,NULL,2022-06-29,Acquired,India,112
Unity,"SF Bay Area",Other,200,0.0400,2022-06-29,Post-IPO,"United States",1300
"Volt Bank",Sydney,Finance,NULL,1.0000,2022-06-29,"Series E",Australia,90
"Bright Machines","SF Bay Area",Data,30,0.0800,2022-06-28,Unknown,Israel,250
HealthMatch,Sydney,Healthcare,18,0.5000,2022-06-28,"Series B",Australia,20
Huobi,Beijing,Crypto,300,0.3000,2022-06-28,Unknown,China,2
"Nova Benefits",Bengaluru,Healthcare,NULL,0.3000,2022-06-28,"Series B",India,41
"Sidecar Health","Los Angeles",Healthcare,110,0.4000,2022-06-28,"Series C","United States",163
StockX,Detroit,Retail,120,0.0800,2022-06-28,"Series E","United States",690
StockX,Detroit,Retail,80,NULL,2022-06-28,"Series E","United States",690
"Una Brands",Singapore,Retail,NULL,0.1000,2022-06-28,"Series A",Singapore,55
Vezeeta,Dubai,Healthcare,50,0.1000,2022-06-28,"Series D","United Arab Emirates",71
"WhiteHat Jr",Mumbai,Education,300,NULL,2022-06-28,Acquired,India,11
Amount,Chicago,Finance,NULL,0.1800,2022-06-27,Unknown,"United States",283
AppLovin,"SF Bay Area",Marketing,300,0.1200,2022-06-27,Post-IPO,"United States",1600
Banxa,Melbourne,Crypto,70,0.3000,2022-06-27,Post-IPO,Australia,13
Cue,"San Diego",Healthcare,170,NULL,2022-06-27,Post-IPO,"United States",999
SafeGraph,"SF Bay Area",Data,27,0.2500,2022-06-27,"Series B","United States",61
Udaan,Bengaluru,Retail,180,0.0400,2022-06-27,Unknown,India,1500
UiPath,"New York City",Data,210,0.0500,2022-06-27,Post-IPO,"United States",2000
Postscript,"SF Bay Area",Marketing,43,NULL,2022-06-26,"Series C","United States",106
Bestow,Dallas,Finance,41,0.1400,2022-06-24,"Series C","United States",137
Bitpanda,Vienna,Crypto,270,0.2700,2022-06-24,"Series C",Austria,546
"Ethos Life","SF Bay Area",Finance,40,0.1200,2022-06-24,"Series D","United States",406
Sunday,Atlanta,Finance,90,0.2300,2022-06-24,"Series A","United States",124
Aura,Boston,Security,70,0.0900,2022-06-23,"Series F","United States",500
Esper,Seattle,Other,NULL,0.1200,2022-06-23,"Series A","United States",10
Kune,Nairobi,Food,NULL,1.0000,2022-06-23,Seed,Kenya,1
Netflix,"SF Bay Area",Media,300,0.0300,2022-06-23,Post-IPO,"United States",121900
Orchard,"New York City","Real Estate",NULL,0.1000,2022-06-23,"Series D","United States",472
Pipl,Spokane,Security,22,0.1300,2022-06-23,Unknown,"United States",19
Ro,"New York City",Healthcare,NULL,0.1800,2022-06-23,Unknown,"United States",1000
StreamElements,"Tel Aviv",Media,NULL,0.2000,2022-06-23,"Series B",Israel,111
Vouch,"SF Bay Area",Finance,15,0.0700,2022-06-23,"Series C","United States",159
"Voyage SMS","Los Angeles",Marketing,8,0.1300,2022-06-23,Unknown,"United States",10
Balto,"St. Louis",Sales,30,NULL,2022-06-22,"Series B","United States",51
Bungalow,"SF Bay Area","Real Estate",70,NULL,2022-06-22,"Series C","United States",171
IronNet,"Washington D.C.",Security,55,0.1700,2022-06-22,Post-IPO,"United States",410
IronNet,"Washington D.C.",Security,90,0.3500,2022-06-22,Post-IPO,"United States",410
MasterClass,"SF Bay Area",Education,120,0.2000,2022-06-22,"Series E","United States",461
Ritual,Toronto,Food,23,0.1600,2022-06-22,"Series C",Canada,134
Sprinklr,"New York City",Support,50,NULL,2022-06-22,Post-IPO,"United States",429
Superpedestrian,Boston,Transportation,35,0.0700,2022-06-22,"Series C","United States",261
Voi,Stockholm,Transportation,35,0.1000,2022-06-22,"Series D","United States",515
Voly,Sydney,Food,NULL,0.5000,2022-06-22,Seed,Australia,13
Community,"Los Angeles",Marketing,40,0.3000,2022-06-21,Unknown,"United States",40
Ebanx,Curitiba,Finance,340,0.2000,2022-06-21,"Series B",Brazil,460
Frubana,Bogota,Food,NULL,0.0300,2022-06-21,"Series C",Colombia,202
Sourcegraph,"SF Bay Area",Product,24,0.0800,2022-06-21,"Series D","United States",248
SuperLearn,Bengaluru,Education,NULL,1.0000,2022-06-21,Seed,India,0
TaskUs,"Los Angeles",Support,52,0.0000,2022-06-21,Post-IPO,"United States",279
Tray.io,"SF Bay Area",Data,NULL,0.1000,2022-06-21,"Series C","United States",109
Aqgromalin,Chennai,Food,80,0.3000,2022-06-20,Unknown,India,12
Bonsai,Toronto,Retail,30,0.5500,2022-06-20,"Series A",Canada,27
Brighte,Sydney,Energy,30,0.1500,2022-06-20,"Series C",Australia,145
Buzzer,"New York City",Media,NULL,0.2000,2022-06-20,Unknown,"United States",32
Bybit,Singapore,Crypto,600,0.3000,2022-06-20,Unknown,Singapore,NULL
SummerBio,"SF Bay Area",Healthcare,101,1.0000,2022-06-20,Unknown,"United States",7
Trax,Singapore,Retail,100,0.1200,2022-06-20,"Series E",Singapore,1000
BitOasis,Dubai,Crypto,9,0.0500,2022-06-19,"Series B","United Arab Emirates",30
CityMall,Gurugram,Retail,191,0.3000,2022-06-19,"Series C",India,112
Unacademy,Bengaluru,Education,150,0.0300,2022-06-18,"Series H",India,838
Bytedance,Shanghai,Consumer,150,NULL,2022-06-17,Unknown,China,9400
"Finite State",Columbus,Security,16,0.2000,2022-06-17,"Series B","United States",49
Socure,Reno,Finance,69,0.1300,2022-06-17,"Series E","United States",646
"Circulo Health",Columbus,Healthcare,NULL,0.5000,2022-06-16,"Series A","United States",50
JOKR,"New York City",Food,50,0.0500,2022-06-16,"Series B","United States",430
PharmEasy,Mumbai,Healthcare,40,NULL,2022-06-16,Unknown,India,1600
Zumper,"SF Bay Area","Real Estate",45,0.1500,2022-06-16,"Series D","United States",178
Airtame,Copenhagen,Consumer,15,NULL,2022-06-15,Unknown,Denmark,7
Elementor,"Tel Aviv",Media,60,0.1500,2022-06-15,Unknown,Israel,65
JetClosing,Seattle,"Real Estate",NULL,1.0000,2022-06-15,"Series B","United States",44
Notarize,Boston,Legal,110,0.2500,2022-06-15,"Series D","United States",213
OpenWeb,"Tel Aviv",Media,14,0.0500,2022-06-15,"Series E",Israel,223
Swappie,Helsinki,Retail,250,0.1700,2022-06-15,"Series C",Finland,169
Swyft,Toronto,Logistics,10,0.3000,2022-06-15,"Series A",Canada,20
Tonkean,"SF Bay Area",Other,23,0.2300,2022-06-15,"Series B","United States",83
Wealthsimple,Toronto,Finance,159,0.1300,2022-06-15,Unknown,Canada,900
Weee!,"SF Bay Area",Food,150,0.1000,2022-06-15,"Series E","United States",863
Breathe,"New Delhi",Healthcare,50,0.3300,2022-06-14,"Series A",India,6
Coinbase,"SF Bay Area",Crypto,1100,0.1800,2022-06-14,Post-IPO,"United States",549
Compass,"New York City","Real Estate",450,0.1000,2022-06-14,Post-IPO,"United States",1600
Hunty,Bogota,HR,30,NULL,2022-06-14,Seed,Colombia,6
Redfin,Seattle,"Real Estate",470,0.0800,2022-06-14,Post-IPO,"United States",319
Sami,"Sao Paulo",Healthcare,75,0.1500,2022-06-14,Unknown,Brazil,36
TIFIN,Boulder,Crypto,24,0.1000,2022-06-14,"Series D","United States",204
BlockFi,"New York City",Crypto,250,0.2000,2022-06-13,"Series E","United States",1000
"Desktop Metal",Boston,Other,NULL,0.1200,2022-06-13,Post-IPO,"United States",811
Studio,"SF Bay Area",Education,33,0.4000,2022-06-13,"Series B","United States",50
"Wave Sports and Entertainment","Los Angeles",Media,56,0.3300,2022-06-13,"Series B","United States",65
Albert,"Los Angeles",Finance,20,0.0800,2022-06-10,"Series C","United States",175
"Berlin Brands Group",Berlin,Retail,100,0.1000,2022-06-10,Unknown,Germany,1000
Crypto.com,Singapore,Crypto,260,0.0500,2022-06-10,Unknown,Singapore,156
FarEye,"New Delhi",Logistics,250,0.3000,2022-06-10,"Series E",India,150
Freetrade,London,Finance,45,0.1500,2022-06-10,Unknown,"United Kingdom",133
Sanar,"Sao Paulo",Healthcare,60,0.2000,2022-06-10,Unknown,Brazil,11
Ziroom,Beijing,"Real Estate",NULL,0.2000,2022-06-10,Unknown,China,2100
Boozt,Malmo,Retail,70,0.0500,2022-06-09,Post-IPO,Sweden,56
Convoy,Seattle,Logistics,90,0.0700,2022-06-09,"Series E","United States",1100
"Daniel Wellington",Stockholm,Retail,200,0.1500,2022-06-09,Unknown,Sweden,NULL
Hologram,Chicago,Infrastructure,80,0.4000,2022-06-09,"Series B","United States",82
Jellysmack,"New York City",Media,NULL,0.0800,2022-06-09,"Series C","United States",22
OneTrust,Atlanta,Security,950,0.2500,2022-06-09,"Series C","United States",926
Preply,Boston,Education,26,0.0500,2022-06-09,"Series C","United States",100
Starship,"SF Bay Area",Transportation,NULL,0.1100,2022-06-09,"Series B","United States",197
Stashaway,Singapore,Finance,31,0.1400,2022-06-09,"Series D",Singapore,61
"Stitch Fix","SF Bay Area",Retail,330,0.1500,2022-06-09,Post-IPO,"United States",79
"The Grommet",Boston,Retail,40,1.0000,2022-06-09,Acquired,"United States",5
"iPrice Group","Kuala Lumpur",Retail,50,0.2000,2022-06-08,Unknown,Malaysia,26
Kavak,"Sao Paulo",Transportation,150,NULL,2022-06-08,"Series E",Brazil,1600
Memmo,Stockholm,Consumer,NULL,0.4000,2022-06-08,Unknown,Sweden,24
Sonder,"SF Bay Area",Travel,250,0.2100,2022-06-08,Post-IPO,"United States",839
Truepill,"SF Bay Area",Healthcare,150,0.1500,2022-06-08,"Series D","United States",255
Bird,"Los Angeles",Transportation,138,0.2300,2022-06-07,Post-IPO,"United States",783
Cazoo,London,Transportation,750,0.1500,2022-06-07,Post-IPO,"United Kingdom",2000
ID.me,"Washington D.C.",Security,130,NULL,2022-06-07,Unknown,"United States",275
KiwiCo,"SF Bay Area",Retail,40,NULL,2022-06-07,Unknown,"United States",11
Lummo,Jakarta,Marketing,150,NULL,2022-06-07,"Series C",Indonesia,149
Propzy,"Ho Chi Minh City","Real Estate",NULL,0.5000,2022-06-07,"Series A",Vietnam,33
Rupeek,Bengaluru,Finance,180,0.1500,2022-06-07,Unknown,India,172
Clearco,Toronto,Finance,60,NULL,2022-06-06,"Series C",Canada,681
"Deep Instinct","New York City",Security,NULL,0.1000,2022-06-06,"Series D","United States",259
Dutchie,Bend,Other,50,0.0700,2022-06-06,"Series D","United States",603
Sendoso,"SF Bay Area",Marketing,NULL,0.1400,2022-06-06,"Series C","United States",152
Eruditus,Mumbai,Education,40,NULL,2022-06-04,"Series E",India,1200
"5B Solar",Sydney,Energy,NULL,0.2500,2022-06-03,"Series A",Australia,12
Afterverse,Brasilia,Consumer,60,0.2000,2022-06-03,Unknown,Brazil,NULL
Food52,"New York City",Food,21,0.1500,2022-06-03,Acquired,"United States",176
Superhuman,"SF Bay Area",Consumer,23,0.2200,2022-06-03,"Series C","United States",108
Tesla,Austin,Transportation,NULL,0.1000,2022-06-03,Post-IPO,"United States",20200
"Carbon Health","SF Bay Area",Healthcare,250,0.0800,2022-06-02,"Series D","United States",522
Envato,Melbourne,Marketing,100,NULL,2022-06-02,Unknown,Australia,NULL
Favo,"Sao Paulo",Food,170,NULL,2022-06-02,"Series A",Brazil,31
Gather,"SF Bay Area",Consumer,30,0.3300,2022-06-02,"Series B","United States",76
Gemini,"New York City",Crypto,100,0.1000,2022-06-02,Unknown,"United States",423
IRL,"SF Bay Area",Consumer,25,0.2500,2022-06-02,"Series C","United States",197
Kaodim,Selangor,Consumer,NULL,1.0000,2022-06-02,"Series B","United States",17
PolicyGenius,"New York City",Finance,170,0.2500,2022-06-02,"Series E","United States",286
Shef,"SF Bay Area",Food,29,NULL,2022-06-02,"Series A","United States",28
Stord,Atlanta,Logistics,59,0.0800,2022-06-02,"Series D","United States",325
Yojak,Gurugram,Construction,140,0.5000,2022-06-02,Seed,India,3
2TM,"Sao Paulo",Crypto,90,0.1200,2022-06-01,Unknown,Brazil,250
Curve,London,Finance,65,0.1000,2022-06-01,"Series C","United Kingdom",182
Cybereason,Boston,Security,100,0.0600,2022-06-01,"Series F","United States",750
Eaze,"SF Bay Area",Consumer,25,NULL,2022-06-01,"Series D","United States",202
Impala,London,Travel,30,0.3500,2022-06-01,"Series B","United Kingdom",32
Loom,"SF Bay Area",Product,34,0.1400,2022-06-01,"Series C","United States",203
Side,"SF Bay Area","Real Estate",NULL,0.1000,2022-06-01,Unknown,"United States",313
Skillshare,"New York City",Education,31,NULL,2022-06-01,Unknown,"United States",136
TomTom,Amsterdam,Transportation,500,0.1000,2022-06-01,Post-IPO,Netherlands,NULL
"Truck It In",Karachi,Logistics,NULL,0.3000,2022-06-01,Seed,Pakistan,17
Udayy,Gurugram,Education,100,1.0000,2022-06-01,Seed,India,2
BookClub,"Salt Lake City",Education,12,0.2500,2022-05-31,"Series A","United States",26
Getta,"Tel Aviv",Transportation,30,NULL,2022-05-31,"Series A",Israel,49
Playtika,"Tel Aviv",Consumer,250,0.0600,2022-05-31,Post-IPO,Israel,NULL
Replicated,"Los Angeles",Infrastructure,50,NULL,2022-05-31,"Series C","United States",85
Tomo,Stamford,Finance,44,0.3300,2022-05-31,"Series A","United States",110
"Mobile Premier League",Bengaluru,Consumer,100,0.1000,2022-05-30,"Series E",India,375
SumUp,"Sao Paulo",Finance,100,0.0300,2022-05-30,Unknown,Brazil,50
SWVL,Dubai,Transportation,400,0.3200,2022-05-30,Post-IPO,"United Arab Emirates",132
Daloopa,"New Delhi",Data,40,NULL,2022-05-27,"Series A",India,23
FrontRow,Bengaluru,Education,145,0.3000,2022-05-27,"Series A",India,17
Uncapped,London,Finance,29,0.2600,2022-05-27,Unknown,"United Kingdom",118
Bitso,"Mexico City",Crypto,80,0.1100,2022-05-26,"Series C",Mexico,378
Dazn,London,Consumer,50,0.0200,2022-05-26,Unknown,"United Kingdom",NULL
Foodpanda,Bucharest,Food,80,NULL,2022-05-26,Acquired,Romania,749
VTEX,"Sao Paulo",Retail,200,0.1300,2022-05-26,Post-IPO,Brazil,365
Airlift,Lahore,Logistics,NULL,0.3100,2022-05-25,"Series B",Pakistan,109
Bolt,"SF Bay Area",Finance,240,0.2700,2022-05-25,"Series E","United States",1300
"Coterie Insurance",Cincinnati,Finance,30,0.2000,2022-05-25,"Series B","United States",70
Getir,Istanbul,Food,NULL,0.1400,2022-05-25,"Series E",Turkey,1800
Kontist,Berlin,Finance,50,0.2500,2022-05-25,"Series B",Germany,53
Lacework,"SF Bay Area",Security,300,0.2000,2022-05-25,"Series D","United States",1900
Nuri,Berlin,Finance,45,0.2000,2022-05-25,"Series B",Germany,42
PeerStreet,"Los Angeles",Finance,75,NULL,2022-05-25,"Series C","United States",121
Zapp,London,Food,NULL,0.1000,2022-05-25,NULL,"United Kingdom",300
Gorillas,Berlin,Food,300,0.5000,2022-05-24,"Series C",Germany,1300
"The Zebra",Austin,Finance,40,NULL,2022-05-24,"Series D","United States",256
Zenius,Jakarta,Education,200,NULL,2022-05-24,"Series B",Indonesia,20
Airtime,"New York City",Consumer,30,0.2000,2022-05-23,"Series B","United States",33
BeyondMinds,"Tel Aviv",Data,65,1.0000,2022-05-23,"Series A",Israel,16
Buenbit,"Buenos Aires",Crypto,80,0.4500,2022-05-23,"Series A",Argentina,11
ClickUp,"San Diego",Other,60,0.0700,2022-05-23,"Series C","United States",537
Klarna,Stockholm,Finance,700,0.1000,2022-05-23,Unknown,Sweden,3700
PayPal,"SF Bay Area",Finance,83,NULL,2022-05-23,Post-IPO,"United States",216
MFine,Bengaluru,Healthcare,600,0.7500,2022-05-21,"Series C",India,97
Latch,"New York City",Security,130,0.2800,2022-05-20,Post-IPO,"United States",342
Outside,Boulder,Media,87,0.1500,2022-05-20,"Series B","United States",174
Skillz,"SF Bay Area",Consumer,70,0.1000,2022-05-20,Post-IPO,"United States",287
Cars24,Gurugram,Transportation,600,0.0600,2022-05-19,"Series G",India,1300
Vedantu,Bengaluru,Education,424,0.0700,2022-05-18,"Series E",India,292
Kry,Stockholm,Healthcare,100,0.1000,2022-05-17,"Series D",Sweden,568
Netflix,"SF Bay Area",Media,150,0.0100,2022-05-17,Post-IPO,"United States",121900
Picsart,Miami,Consumer,90,0.0800,2022-05-17,"Series C","United States",195
Zak,"Sao Paulo",Food,100,0.4000,2022-05-16,"Series A","United States",29
"AliExpress Russia",Moscow,Retail,400,0.4000,2022-05-14,Acquired,Russia,60
"Thirty Madison","New York City",Healthcare,24,NULL,2022-05-14,Acquired,"United States",209
CommonBond,"New York City",Finance,22,NULL,2022-05-13,"Series D","United States",130
Subspace,"Los Angeles",Infrastructure,NULL,1.0000,2022-05-13,"Series B","United States",NULL
Section4,"New York City",Education,32,NULL,2022-05-12,"Series A","United States",37
Zwift,"Los Angeles",Fitness,150,NULL,2022-05-12,"Series C","United States",619
DataRobot,Boston,Data,70,0.0700,2022-05-11,"Series G","United States",1000
Carvana,Phoenix,Transportation,2500,0.1200,2022-05-10,Post-IPO,"United States",1600
Doma,"SF Bay Area",Finance,310,0.1500,2022-05-10,Post-IPO,"United States",679
Latch,"New York City",Security,30,0.0600,2022-05-10,Post-IPO,"United States",342
Pollen,London,Travel,200,0.3300,2022-05-10,"Series C","United Kingdom",238
Meero,Paris,Other,350,0.5000,2022-05-09,"Series C",France,293
Vroom,"New York City",Transportation,270,0.1400,2022-05-09,Post-IPO,"United States",1300
divvyDOSE,Davenport,Healthcare,62,NULL,2022-05-06,Acquired,"United States",0
Reef,Miami,Transportation,750,0.0500,2022-05-06,Unknown,"United States",1500
Mural,"SF Bay Area",Product,90,0.1000,2022-05-05,"Series C","United States",192
"On Deck","SF Bay Area",Education,72,0.2500,2022-05-05,"Series A","United States",20
Vedantu,Bengaluru,Education,200,0.0300,2022-05-05,"Series E",India,292
Bizpay,Sydney,Finance,NULL,0.3000,2022-05-04,Unknown,Australia,45
Cameo,Chicago,Consumer,87,0.2500,2022-05-04,Unknown,"United States",165
Colossus,Boston,Energy,97,NULL,2022-05-04,"Series A","United States",41
Ideoclick,Seattle,Retail,40,NULL,2022-05-04,"Series A","United States",7
Mainstreet,"SF Bay Area",Finance,45,0.3000,2022-05-04,"Series A","United States",64
SEND,Sydney,Food,300,1.0000,2022-05-04,Seed,Australia,3
Vise,"New York City",Finance,25,NULL,2022-05-04,"Series C","United States",128
Avo,"Tel Aviv",Food,500,0.6700,2022-05-01,"Series B",Israel,45
Noom,"New York City",Healthcare,495,NULL,2022-04-29,"Series F","United States",657
Domestika,"SF Bay Area",Education,150,0.1900,2022-04-28,"Series D","United States",130
Netflix,"SF Bay Area",Media,25,NULL,2022-04-28,Post-IPO,"United States",121900
"Wahoo Fitness",Atlanta,Fitness,50,NULL,2022-04-27,Unknown,"United States",NULL
Bonsai,Toronto,Retail,29,0.3400,2022-04-26,"Series A",Canada,27
Robinhood,"SF Bay Area",Finance,340,0.0900,2022-04-26,Post-IPO,"United States",5600
Clyde,"New York City",Marketing,22,NULL,2022-04-25,"Series B","United States",58
Sigfox,Toulouse,Other,64,NULL,2022-04-25,Acquired,France,277
Xiaohongshu,Shanghai,Consumer,180,0.0900,2022-04-21,"Series E",China,917
Facily,"Sao Paulo",Retail,260,0.3000,2022-04-20,"Series D",Brazil,502
Lemonade,"New York City",Finance,52,NULL,2022-04-20,Post-IPO,"United States",481
Blend,"SF Bay Area",Finance,200,0.1000,2022-04-19,Post-IPO,"United States",665
Loft,"Sao Paulo","Real Estate",159,NULL,2022-04-19,Unknown,Brazil,788
QuintoAndar,"Sao Paulo","Real Estate",160,0.0400,2022-04-19,"Series E",Brazil,755
Automox,Boulder,Infrastructure,NULL,0.1100,2022-04-18,"Series C","United States",152
"Halcyon Health","New York City",Healthcare,NULL,1.0000,2022-04-15,Unknown,"United States",2
Humble,"SF Bay Area",Media,10,NULL,2022-04-15,Acquired,"United States",4
Ahead,"SF Bay Area",Healthcare,44,1.0000,2022-04-14,Unknown,"United States",9
"Rad Power Bikes",Seattle,Transportation,100,0.1400,2022-04-12,"Series D","United States",329
Meesho,Bengaluru,Retail,150,NULL,2022-04-11,"Series F",India,1100
Food52,"New York City",Food,20,0.1000,2022-04-08,Acquired,"United States",176
Goodfood,Calgary,Food,70,NULL,2022-04-07,Post-IPO,Canada,16
Unacademy,Bengaluru,Education,1000,0.1700,2022-04-07,"Series H",India,838
Fast,"SF Bay Area",Finance,NULL,1.0000,2022-04-05,"Series B","United States",124
Workrise,Austin,Energy,450,NULL,2022-04-05,"Series E","United States",752
BitMEX,Non-U.S.,Crypto,75,0.2500,2022-04-04,Seed,Seychelles,0
Legible,Vancouver,Media,23,0.3800,2022-04-04,Post-IPO,Canada,3
Lightico,"Tel Aviv",Finance,20,NULL,2022-03-31,"Series B",Israel,42
Rasa,Berlin,Data,59,0.4000,2022-03-30,"Series B",Germany,40
Sea,Bengaluru,Retail,350,NULL,2022-03-30,Post-IPO,India,8600
Gopuff,Philadelphia,Food,450,0.0300,2022-03-29,"Series H","United States",3400
Thinkific,Vancouver,Education,100,0.2000,2022-03-29,Post-IPO,Canada,22
Furlenco,Bengaluru,Retail,180,NULL,2022-03-26,"Series D",India,228
"Grove Collaborative","SF Bay Area",Retail,NULL,0.1700,2022-03-19,"Series E","United States",474
Storytel,Stockholm,Media,100,0.1000,2022-03-17,Post-IPO,Sweden,275
Curology,"SF Bay Area",Healthcare,150,NULL,2022-03-16,"Series D","United States",19
Knock,"New York City","Real Estate",115,0.4600,2022-03-15,Unknown,"United States",654
"Talis Biomedical","SF Bay Area",Healthcare,NULL,0.2500,2022-03-15,Post-IPO,"United States",8
Trell,Bengaluru,Retail,300,0.5000,2022-03-15,"Series B",India,62
Sezzle,Minneapolis,Finance,NULL,0.2000,2022-03-10,Post-IPO,"United States",301
"Adaptive Biotechnologies",Seattle,Healthcare,100,0.1200,2022-03-08,Post-IPO,"United States",406
Better.com,"New York City","Real Estate",3000,0.3300,2022-03-08,Unknown,"United States",905
Hyperscience,"New York City",Data,100,0.2500,2022-03-03,"Series E","United States",289
WeDoctor,Non-U.S.,Healthcare,500,NULL,2022-03-02,"Series F",China,1400
Wish,"SF Bay Area",Retail,190,0.1500,2022-03-01,Post-IPO,"United States",1600
OKCredit,"New Delhi",Finance,30,NULL,2022-02-24,"Series B",India,85
Lido,Mumbai,Education,150,NULL,2022-02-21,"Series A",India,24
"Virgin Hyperloop","Los Angeles",Transportation,111,0.5000,2022-02-21,Unknown,"United States",368
Trustly,Stockholm,Finance,120,NULL,2022-02-17,Acquired,Sweden,28
"Liv Up","Sao Paulo",Food,100,0.1500,2022-02-16,"Series D",Brazil,118
Homie,"Salt Lake City","Real Estate",119,0.2900,2022-02-14,"Series B","United States",35
"Daily Harvest","New York City",Food,60,0.2000,2022-02-10,"Series D","United States",120
Hopin,London,Other,138,0.1200,2022-02-10,"Series D","United States",1000
Peloton,"New York City",Fitness,2800,0.2000,2022-02-08,Post-IPO,"United States",1900
Rhino,"New York City","Real Estate",57,0.2000,2022-02-03,Unknown,"United States",133
Glossier,"New York City",Consumer,80,0.3300,2022-01-26,"Series E","United States",266
Gopuff,Philadelphia,Food,100,NULL,2022-01-26,"Series H","United States",3400
"Root Insurance",Columbus,Finance,330,NULL,2022-01-20,Post-IPO,"United States",527
Spin,"SF Bay Area",Transportation,NULL,0.2500,2022-01-08,Acquired,"United States",8
"Delivery Hero",Berlin,Food,300,NULL,2021-12-22,Post-IPO,Germany,8300
Better.com,"New York City","Real Estate",900,0.0900,2021-12-01,Unknown,"United States",905
BitTitan,Seattle,Data,70,0.2700,2021-11-18,Acquired,"United States",46
Zillow,Seattle,"Real Estate",2000,0.2500,2021-11-02,Post-IPO,"United States",97
InVision,"New York City",Product,22,NULL,2021-10-05,Unknown,"United States",356
"Ozy Media","SF Bay Area",Media,NULL,1.0000,2021-10-01,"Series C","United States",70
Zymergen,"SF Bay Area",Other,120,NULL,2021-09-23,Post-IPO,"United States",974
Treehouse,Portland,Education,41,0.9000,2021-09-14,"Series B","United States",12
Tanium,Seattle,Security,30,NULL,2021-08-30,Unknown,"United States",1000
Flockjay,"SF Bay Area",Education,37,0.5000,2021-08-24,"Series A","United States",14
Bytedance,Shanghai,Consumer,1800,NULL,2021-08-05,Unknown,China,9400
Pagarbook,Bengaluru,HR,80,NULL,2021-07-26,"Series A",India,17
Katerra,"SF Bay Area",Construction,2434,1.0000,2021-06-01,Unknown,"United States",1600
"Lambda School","SF Bay Area",Education,65,NULL,2021-04-29,"Series C","United States",122
Madefire,"SF Bay Area",Media,NULL,1.0000,2021-04-29,"Series B","United States",16
Patreon,"SF Bay Area",Media,36,NULL,2021-04-26,"Series D","United States",165
"New Relic","SF Bay Area",Infrastructure,160,0.0700,2021-04-06,Post-IPO,"United States",215
HuffPo,"New York City",Media,47,NULL,2021-03-09,Acquired,"United States",37
Ninjacart,Bengaluru,Food,200,NULL,2021-02-23,Unknown,India,194
Bounce,Bengaluru,Transportation,200,0.4000,2021-02-22,"Series D",India,214
Indigo,Boston,Other,80,NULL,2021-02-09,"Series F","United States",1200
ThredUp,Chicago,Retail,243,NULL,2021-02-09,"Series F","United States",305
Limelight,"New York City",Recruiting,13,1.0000,2021-02-04,Unknown,"United States",NULL
Quandoo,Berlin,Food,87,0.2000,2021-02-03,Acquired,Germany,39
Hubba,Toronto,Retail,45,1.0000,2021-02-01,"Series B",Canada,61
Bytedance,Mumbai,Consumer,1800,NULL,2021-01-27,Unknown,India,7400
Privitar,London,Data,20,NULL,2021-01-27,"Series C","United Kingdom",150
Shutterfly,"SF Bay Area",Retail,800,NULL,2021-01-25,Acquired,"United States",50
Postmates,"SF Bay Area",Food,180,0.1500,2021-01-23,Acquired,"United States",763
Instacart,"SF Bay Area",Food,1877,NULL,2021-01-21,Unknown,"United States",2400
Pocketmath,Singapore,Marketing,21,1.0000,2021-01-20,Unknown,Singapore,20
Dropbox,"SF Bay Area",Other,315,0.1500,2021-01-13,Post-IPO,"United States",1700
"Aura Financial","SF Bay Area",Finance,NULL,1.0000,2021-01-11,Unknown,"United States",584
Simple,Portland,Finance,NULL,1.0000,2021-01-07,Acquired,"United States",15
"WhiteHat Jr",Mumbai,Education,1800,NULL,2021-01-06,Acquired,India,11
"Pulse Secure","SF Bay Area",Security,78,NULL,2020-12-23,Acquired,"United States",NULL
Actifio,Boston,Data,54,NULL,2020-12-16,Acquired,"United States",352
Breather,Montreal,"Real Estate",120,0.8000,2020-12-16,"Series D",Canada,131
OYO,Gurugram,Travel,600,NULL,2020-12-08,"Series F",India,3200
Aya,Toronto,Finance,5,0.2500,2020-11-19,Seed,"United States",3
Domio,"New York City","Real Estate",NULL,0.5000,2020-11-18,"Series B","United States",116
"Bridge Connector",Nashville,Healthcare,154,1.0000,2020-11-17,"Series B","United States",45
Tidepool,"SF Bay Area",Healthcare,18,0.4000,2020-11-17,Unknown,"United States",NULL
Worksmith,Austin,Retail,30,0.5000,2020-11-09,Unknown,"United States",4
Rubica,Seattle,Security,NULL,1.0000,2020-11-05,"Series A","United States",14
"Bossa Nova","SF Bay Area",Retail,NULL,0.5000,2020-11-02,Unknown,"United States",102
LivePerson,"New York City",Support,30,NULL,2020-11-01,Post-IPO,"United States",42
Knotel,"New York City","Real Estate",20,0.0800,2020-10-29,"Series C","United States",560
Remedy,Austin,Healthcare,82,NULL,2020-10-29,"Series A","United States",13
CodeCombat,"SF Bay Area",Education,8,NULL,2020-10-23,"Series A","United States",8
Quibi,"Los Angeles",Media,NULL,1.0000,2020-10-21,"Private Equity","United States",1800
GetYourGuide,Berlin,Travel,90,0.1700,2020-10-14,"Series E",Germany,656
"OLX India","New Delhi",Marketing,250,NULL,2020-10-10,Acquired,India,28
"Alto Pharmacy","SF Bay Area",Healthcare,47,0.0600,2020-09-29,"Series D","United States",356
Air,"New York City",Marketing,NULL,0.1600,2020-09-16,"Series A","United States",18
"Bleacher Report",London,Media,20,NULL,2020-09-11,Acquired,"United Kingdom",41
HubHaus,"SF Bay Area","Real Estate",NULL,1.0000,2020-09-11,"Series A","United States",13
NS8,"Las Vegas",Data,240,0.9500,2020-09-11,"Series A","United States",158
Waze,"SF Bay Area",Transportation,30,0.0540,2020-09-09,Acquired,"United States",67
Ouster,"SF Bay Area",Transportation,NULL,0.1000,2020-09-08,"Series B","United States",132
Awok,Dubai,Retail,NULL,1.0000,2020-09-02,"Series A","United Arab Emirates",30
"Big Fish Games",Seattle,Media,250,NULL,2020-09-01,Acquired,"United States",95
GoBear,Singapore,Finance,22,0.1100,2020-09-01,Unknown,Singapore,97
MakeMyTrip,"New Delhi",Travel,350,0.1000,2020-08-31,Post-IPO,India,548
Salesforce,"SF Bay Area",Sales,1000,0.0185,2020-08-26,Post-IPO,"United States",65
Superloop,Brisbane,Infrastructure,30,NULL,2020-08-24,Post-IPO,Australia,36
Docly,London,Healthcare,8,0.8000,2020-08-19,Seed,"United Kingdom",16
"Lumina Networks","SF Bay Area",Infrastructure,NULL,1.0000,2020-08-18,"Series A","United States",10
Shopify,Ottawa,Retail,30,NULL,2020-08-14,Post-IPO,Canada,122
Mozilla,"SF Bay Area",Consumer,250,0.2500,2020-08-11,Unknown,"United States",2
Eatsy,Singapore,Food,20,1.0000,2020-08-08,Seed,Singapore,1
Glossier,"New York City",Retail,150,0.3800,2020-08-07,"Series D","United States",186
Thriver,Toronto,Food,75,0.5000,2020-08-06,"Series B",Canada,53
Vesta,Atlanta,Sales,56,NULL,2020-08-05,Unknown,"United States",20
Booking.com,Amsterdam,Travel,4375,0.2500,2020-07-30,Acquired,Netherlands,NULL
"Buy.com / Rakuten","SF Bay Area",Retail,87,1.0000,2020-07-30,Acquired,"United States",42
Procore,"Los Angeles",Construction,180,0.0900,2020-07-28,Unknown,"United States",649
Swiggy,Bengaluru,Food,350,0.0500,2020-07-27,"Series I",India,1600
Zeitgold,Berlin,Finance,75,0.7200,2020-07-27,"Series B",Germany,60
Checkr,"SF Bay Area",HR,64,0.1200,2020-07-23,"Series D","United States",309
Sorabel,Jakarta,Retail,NULL,1.0000,2020-07-23,"Series B",Indonesia,27
LinkedIn,"SF Bay Area",Recruiting,960,0.0600,2020-07-21,Acquired,"United States",154
"Lighter Capital",Seattle,Finance,22,0.4900,2020-07-20,"Series B","United States",15
Curefit,Bengaluru,Fitness,120,NULL,2020-07-17,"Series D",India,405
Optimizely,"SF Bay Area",Marketing,60,0.1500,2020-07-15,"Series D","United States",251
Skyscanner,Edinburgh,Travel,300,0.2000,2020-07-14,Acquired,"United Kingdom",197
Yelp,"SF Bay Area",Consumer,63,NULL,2020-07-13,Post-IPO,"United States",56
Bizongo,Mumbai,Logistics,140,NULL,2020-07-10,"Series C",India,70
PaySense,Mumbai,Finance,40,NULL,2020-07-09,Acquired,India,26
Zilingo,Singapore,Retail,100,0.1200,2020-07-09,"Series D",Singapore,307
"Funding Circle","SF Bay Area",Finance,85,NULL,2020-07-08,Post-IPO,"United States",746
Havenly,Denver,Consumer,5,NULL,2020-07-01,"Series C","United States",58
Kongregate,"SF Bay Area",Media,12,NULL,2020-07-01,"Series C","United States",19
Sharethrough,"SF Bay Area",Marketing,18,NULL,2020-07-01,"Series D","United States",38
"The Wing","New York City","Real Estate",56,NULL,2020-07-01,"Series C","United States",117
G2,Chicago,Marketing,17,0.0500,2020-06-30,"Series C","United States",101
"Argo AI",Munich,Transportation,100,NULL,2020-06-29,Unknown,Germany,3600
"Bossa Nova","SF Bay Area",Retail,61,NULL,2020-06-29,Unknown,"United States",102
Bounce,Bengaluru,Transportation,130,0.2200,2020-06-29,"Series D",India,214
Katerra,"SF Bay Area",Construction,400,0.0700,2020-06-29,"Series E","United States",1300
"New Relic",Portland,Infrastructure,20,NULL,2020-06-29,Post-IPO,"United States",215
"Engine eCommerce",Fayetteville,Retail,NULL,1.0000,2020-06-28,Unknown,"United States",4
GoDaddy,Austin,Marketing,451,0.0600,2020-06-24,Post-IPO,"United States",NULL
Sonos,"New York City",Consumer,174,0.1200,2020-06-24,Post-IPO,"United States",455
Dark,"SF Bay Area",Product,6,1.0000,2020-06-23,Seed,"United States",3
Gojek,Jakarta,Transportation,430,0.0900,2020-06-23,"Series F",Indonesia,4800
ScaleFactor,Austin,Finance,90,0.9000,2020-06-23,"Series C","United States",103
Intuit,"SF Bay Area",Finance,715,0.0700,2020-06-22,Post-IPO,"United States",18
WeWork,London,"Real Estate",200,NULL,2020-06-19,"Series H","United Kingdom",19500
"Atlas Obscura","New York City",Media,15,NULL,2020-06-18,"Series B","United States",32
Navi,Bengaluru,Finance,40,0.2500,2020-06-17,"Private Equity",India,582
Grab,Singapore,Transportation,360,0.0500,2020-06-16,"Series I",Singapore,9900
PaisaBazaar,Gurugram,Finance,1500,0.5000,2020-06-16,"Series G",India,496
Redox,Madison,Healthcare,44,0.2500,2020-06-16,"Series C","United States",50
Splunk,"SF Bay Area",Data,70,0.0100,2020-06-16,Post-IPO,"United States",40
Conga,Denver,Data,NULL,0.1100,2020-06-15,Acquired,"United States",117
"Stockwell AI","SF Bay Area",Retail,NULL,1.0000,2020-06-15,"Series B","United States",10
SynapseFI,"SF Bay Area",Finance,63,0.4800,2020-06-12,"Series B","United States",50
Uber,Amsterdam,Transportation,225,0.2500,2020-06-12,Post-IPO,Netherlands,24700
Branch,"New York City",Retail,3,0.2700,2020-06-11,Seed,"United States",2
ScaleFocus,Sofia,Infrastructure,120,0.1000,2020-06-11,Unknown,Bulgaria,NULL
"Her Campus Media",Boston,Media,10,0.1800,2020-06-10,Unknown,"United States",NULL
Integrate.ai,Toronto,Support,26,NULL,2020-06-09,Unknown,Canada,40
"Ethos Life","SF Bay Area",Finance,18,0.1400,2020-06-05,"Series C","United States",106
"The Athletic","SF Bay Area",Media,46,0.0800,2020-06-05,"Series D","United States",139
Builder,"Los Angeles",Product,39,0.1400,2020-06-04,"Series A","United States",29
Lastline,"SF Bay Area",Security,50,0.4000,2020-06-04,"Series C","United States",52
"Credit Sesame","SF Bay Area",Finance,22,0.1400,2020-06-03,"Series F","United States",120
"Kitty Hawk","SF Bay Area",Aerospace,70,NULL,2020-06-03,Unknown,"United States",1
Monzo,London,Finance,120,0.0800,2020-06-03,"Series F","United Kingdom",324
SpotHero,Chicago,Transportation,40,0.2100,2020-06-03,"Series D","United States",117
Circ,Berlin,Transportation,100,NULL,2020-06-02,Acquired,Germany,55
"Descartes Labs","Santa Fe",Data,12,0.1600,2020-06-02,"Series B","United States",58
Fundbox,"SF Bay Area",Finance,14,0.1500,2020-06-02,"Series C","United States",453
MakerBot,"New York City",Consumer,12,NULL,2020-06-02,Acquired,"United States",10
Rivian,Detroit,Transportation,40,0.0200,2020-06-02,"Private Equity","United States",3100
CrowdStreet,Portland,"Real Estate",24,0.2200,2020-06-01,"Series C","United States",24
MakeMyTrip,Gurugram,Travel,350,0.1000,2020-06-01,Post-IPO,India,548
"Stitch Fix","SF Bay Area",Retail,1400,0.1800,2020-06-01,Post-IPO,"United States",79
Brex,"SF Bay Area",Finance,62,0.1500,2020-05-29,"Series C","United States",732
Loftium,Seattle,"Real Estate",32,0.6000,2020-05-29,"Series A","United States",17
BookMyShow,Mumbai,Consumer,270,0.1800,2020-05-28,Unknown,India,224
"Culture Amp",Melbourne,HR,36,0.0800,2020-05-28,"Series E",Australia,157
StubHub,"SF Bay Area",Consumer,200,NULL,2020-05-28,Acquired,"United States",19
"The Sill","New York City",Retail,20,0.2500,2020-05-28,"Series A","United States",7
TrueCar,"Los Angeles",Transportation,219,0.3000,2020-05-28,Post-IPO,"United States",340
Ebanx,Curitiba,Finance,62,0.0800,2020-05-27,Unknown,Brazil,30
Instructure,"Salt Lake City",Education,150,0.1200,2020-05-27,Acquired,"United States",89
Acorns,Portland,Finance,50,NULL,2020-05-26,Unknown,"United States",207
Bluprint,Denver,Education,137,1.0000,2020-05-26,Acquired,"United States",108
Uber,Bengaluru,Transportation,600,0.2300,2020-05-26,Post-IPO,India,24700
CarDekho,Gurugram,Transportation,200,NULL,2020-05-25,"Series D",India,247
Teamwork,Cork,Other,21,NULL,2020-05-22,Unknown,Ireland,NULL
Cvent,"Washington D.C.",Marketing,400,0.1000,2020-05-21,Acquired,"United States",146
Glitch,"New York City",Product,18,0.3600,2020-05-21,"Series A","United States",30
PickYourTrail,Chennai,Travel,70,0.3500,2020-05-21,"Series A",India,3
Intercom,"SF Bay Area",Support,39,0.0600,2020-05-20,"Series D","United States",240
Ola,Bengaluru,Transportation,1400,0.3500,2020-05-20,"Series J",India,3800
Samsara,"SF Bay Area",Logistics,300,0.1800,2020-05-20,"Series F","United States",530
ShareChat,Bengaluru,Marketing,101,0.2500,2020-05-20,"Series D",India,222
SoFi,"SF Bay Area",Finance,112,0.0700,2020-05-20,"Private Equity","United States",2500
"Stay Alfred",Spokane,Travel,221,1.0000,2020-05-20,"Series B","United States",62
Dotscience,London,Product,10,1.0000,2020-05-19,Unknown,"United Kingdom",NULL
Livspace,Bengaluru,Retail,450,0.1500,2020-05-19,"Series D",India,157
Pollen,London,Travel,69,0.3100,2020-05-19,"Series B","United Kingdom",88
Agoda,Singapore,Travel,1500,0.2500,2020-05-18,Acquired,Singapore,NULL
Datera,"SF Bay Area",Infrastructure,NULL,0.1000,2020-05-18,"Series C","United States",63
Intapp,"SF Bay Area",Legal,45,0.0500,2020-05-18,"Private Equity","United States",NULL
Rubrik,"SF Bay Area",Infrastructure,57,NULL,2020-05-18,"Series E","United States",553
Swiggy,Bengaluru,Food,1100,0.1400,2020-05-18,"Series I",India,1600
Uber,"SF Bay Area",Transportation,3000,0.1300,2020-05-18,Post-IPO,"United States",24700
WeWork,"New Delhi","Real Estate",100,0.2000,2020-05-18,"Series H",India,19500
Magicbricks,Noida,"Real Estate",250,NULL,2020-05-17,Unknown,India,300
Lattice,"SF Bay Area",HR,16,0.1000,2020-05-15,"Series C","United States",49
Lendingkart,Ahmedabad,Finance,500,0.5000,2020-05-15,Unknown,India,200
Masse,"New York City",Retail,NULL,1.0000,2020-05-15,Seed,"United States",3
Zomato,Gurugram,Food,520,0.1300,2020-05-15,"Series J",India,914
Cruise,"SF Bay Area",Transportation,150,0.0800,2020-05-14,Acquired,"United States",5300
"Integral Ad Science","New York City",Marketing,70,0.1000,2020-05-14,Acquired,"United States",116
Quartz,"New York City",Media,80,0.4000,2020-05-14,Acquired,"United States",NULL
Ridecell,"SF Bay Area",Transportation,35,0.1500,2020-05-14,"Series B","United States",73
Veem,"SF Bay Area",Finance,30,NULL,2020-05-14,Unknown,"United States",69
Deliv,"SF Bay Area",Retail,669,1.0000,2020-05-13,"Series C","United States",80
Intersect,Toronto,Product,19,0.1100,2020-05-13,Acquired,Canada,NULL
Kickstarter,"New York City",Finance,25,0.1800,2020-05-13,Unknown,"United States",10
Mercos,Joinville,Sales,51,0.4000,2020-05-13,Unknown,Brazil,2
"Mode Analytics","SF Bay Area",Data,17,NULL,2020-05-13,"Series C","United States",46
WeFit,Hanoi,Fitness,NULL,1.0000,2020-05-13,Seed,Vietnam,1
Zymergen,"SF Bay Area",Other,NULL,0.1000,2020-05-13,"Series C","United States",574
Hireology,Chicago,Recruiting,36,0.1700,2020-05-12,"Series D","United States",52
Mixpanel,"SF Bay Area",Data,65,0.1900,2020-05-12,"Series B","United States",77
Stone,"Sao Paulo",Finance,1300,0.2000,2020-05-12,Post-IPO,Brazil,NULL
"Top Hat",Toronto,Education,16,0.0300,2020-05-12,"Series D",Canada,104
"Zeus Living","SF Bay Area","Real Estate",73,0.5000,2020-05-12,"Series B","United States",79
Cadre,"New York City","Real Estate",28,0.2500,2020-05-11,"Series C","United States",133
Revolut,London,Finance,60,0.0300,2020-05-11,"Series D","United Kingdom",837
N26,"New York City",Finance,9,0.0100,2020-05-08,"Series D","United States",782
"Airy Rooms",Jakarta,Travel,NULL,1.0000,2020-05-07,Unknown,Indonesia,NULL
Flywire,Boston,Finance,60,0.1200,2020-05-07,"Series E","United States",263
Glassdoor,"SF Bay Area",Recruiting,300,0.3000,2020-05-07,Acquired,"United States",204
Jump,"New York City",Transportation,500,1.0000,2020-05-07,Acquired,"United States",11
Numbrs,Zurich,Finance,62,0.5000,2020-05-07,"Series B",Switzerland,78
SalesLoft,Atlanta,Sales,55,NULL,2020-05-07,"Series D","United States",145
Tally,"SF Bay Area",Finance,28,0.2300,2020-05-07,"Series C","United States",92
"Flatiron School","New York City",Education,100,NULL,2020-05-06,Acquired,"United States",15
OPay,Lagos,Finance,NULL,0.7000,2020-05-06,"Series B",Nigeria,170
"Rubicon Project","Los Angeles",Marketing,50,0.0800,2020-05-06,Post-IPO,"United States",60
Segment,"SF Bay Area",Data,50,0.1000,2020-05-06,"Series D","United States",283
Uber,"SF Bay Area",Transportation,3700,0.1400,2020-05-06,Post-IPO,"United States",24700
Validity,Boston,Data,130,0.3300,2020-05-06,"Private Equity","United States",NULL
Airbnb,"SF Bay Area",Travel,1900,0.2500,2020-05-05,"Private Equity","United States",5400
Andela,"New York City",Recruiting,135,0.1000,2020-05-05,"Series D","United States",181
Juul,"SF Bay Area",Consumer,900,0.3000,2020-05-05,Unknown,"United States",1500
Pipedrive,Tallinn,Sales,31,NULL,2020-05-05,"Series C",Estonia,90
"Stack Overflow","New York City",Recruiting,40,0.1500,2020-05-05,"Series D","United States",68
Workable,Boston,Recruiting,25,0.1000,2020-05-05,"Series C","United States",84
Careem,Dubai,Transportation,536,0.3100,2020-05-04,Acquired,"United Arab Emirates",771
"Castlight Health","SF Bay Area",Healthcare,NULL,0.1300,2020-05-04,Post-IPO,"United States",184
CureFit,Bengaluru,Fitness,800,0.1600,2020-05-04,"Series D",India,404
Deputy,Sydney,HR,60,0.3000,2020-05-04,"Series B",Australia,106
"Element AI",Montreal,Other,62,0.1500,2020-05-04,"Series B",Canada,257
Loopio,Toronto,Sales,11,0.0800,2020-05-04,"Series A",Canada,11
Oriente,"Hong Kong",Finance,400,0.2000,2020-05-04,"Series B","Hong Kong",175
Veriff,Tallinn,Security,63,0.2100,2020-05-04,"Series A",Estonia,7
LiveTiles,"New York City",Other,50,NULL,2020-05-03,Post-IPO,"United States",46
Trax,"Tel Aviv",Retail,120,0.1000,2020-05-03,"Series D",Israel,386
Automatic,"SF Bay Area",Transportation,NULL,1.0000,2020-05-01,Acquired,"United States",24
"Culture Trip",London,Media,95,0.3200,2020-05-01,"Series B","United Kingdom",102
Monese,Lisbon,Finance,35,NULL,2020-05-01,Unknown,Portugal,80
Namely,"New York City",HR,110,0.4000,2020-05-01,"Series E","United States",217
OYO,London,Travel,150,NULL,2020-05-01,"Series F","United Kingdom",2400
"Sandbox VR","SF Bay Area",Consumer,80,0.8000,2020-05-01,"Series A","United States",82
TheSkimm,"New York City",Media,26,0.2000,2020-05-01,"Series C","United States",28
Virtudent,Boston,Healthcare,70,NULL,2020-05-01,"Series A","United States",10
Bullhorn,Boston,Sales,100,NULL,2020-04-30,Acquired,"United States",32
Care.com,Boston,Consumer,81,NULL,2020-04-30,Acquired,"United States",156
Fandom,"SF Bay Area",Media,NULL,0.1400,2020-04-30,"Series E","United States",145
PicoBrew,Seattle,Food,NULL,1.0000,2020-04-30,"Series A","United States",15
"Kayak / OpenTable",Stamford,Travel,160,0.0800,2020-04-29,Acquired,"United States",229
Kitopi,"New York City",Food,124,NULL,2020-04-29,"Series B","United States",89
Lime,"SF Bay Area",Transportation,80,0.1300,2020-04-29,"Series D","United States",765
Lyft,"SF Bay Area",Transportation,982,0.1700,2020-04-29,Post-IPO,"United States",4900
Transfix,"New York City",Logistics,24,0.1000,2020-04-29,"Series D","United States",128
WeWork,"SF Bay Area","Real Estate",300,NULL,2020-04-29,"Series H","United States",2250
"App Annie","SF Bay Area",Data,80,0.1800,2020-04-28,Unknown,"United States",156
Deliveroo,London,Food,367,0.1500,2020-04-28,"Series G","United Kingdom",1500
Migo,"SF Bay Area",Finance,NULL,0.2500,2020-04-28,"Series B","United States",37
OpenX,"Los Angeles",Marketing,35,0.1500,2020-04-28,Unknown,"United States",70
PayJoy,"SF Bay Area",Finance,27,0.2500,2020-04-28,"Series B","United States",71
Renmoney,Lagos,Finance,391,0.5000,2020-04-28,Unknown,Nigeria,NULL
Shipsi,"Los Angeles",Retail,20,0.5000,2020-04-28,Seed,"United States",2
TripAdvisor,Boston,Travel,900,0.2500,2020-04-28,Post-IPO,"United States",3
"Automation Anywhere","SF Bay Area",Other,260,0.1000,2020-04-27,"Series B","United States",840
JetClosing,Seattle,"Real Estate",20,0.2000,2020-04-27,"Series A","United States",24
Qwick,Phoenix,Recruiting,NULL,0.7000,2020-04-27,Seed,"United States",4
OYO,"Sao Paulo",Travel,500,NULL,2020-04-25,"Series F",Brazil,2400
Stoqo,Jakarta,Food,250,1.0000,2020-04-25,"Series A",Indonesia,NULL
Submittable,Missoula,Other,30,0.2000,2020-04-25,"Series B","United States",17
"Ada Support",Toronto,Support,36,0.2300,2020-04-24,"Series B",Canada,60
"Divergent 3D","Los Angeles",Transportation,57,0.3600,2020-04-24,"Series B","United States",88
"Horizn Studios",Berlin,Travel,15,0.2500,2020-04-24,"Series B",Germany,30
Jiobit,Chicago,Consumer,6,0.2100,2020-04-24,Unknown,"United States",12
"Lighter Capital",Seattle,Finance,18,0.2200,2020-04-24,"Series B","United States",15
TutorMundi,"Sao Paulo",Education,4,1.0000,2020-04-24,"Series A",Brazil,2
UPshow,Chicago,Marketing,19,0.3000,2020-04-24,"Series A","United States",7
"Welkin Health","SF Bay Area",Healthcare,10,0.3300,2020-04-24,"Series B","United States",29
Convoy,Seattle,Logistics,NULL,0.0100,2020-04-23,"Series D","United States",665
"Oscar Health","New York City",Healthcare,70,0.0500,2020-04-23,Unknown,"United States",1300
"Simon Data","New York City",Marketing,6,NULL,2020-04-23,"Series C","United States",68
Sisense,"New York City",Data,80,0.0900,2020-04-23,"Series F","United States",274
StockX,Detroit,Retail,100,0.1200,2020-04-23,"Series C","United States",160
Zenefits,"SF Bay Area",HR,87,0.1500,2020-04-23,"Series C","United States",583
"Airy Rooms",Jakarta,Travel,NULL,0.7000,2020-04-22,Unknown,Indonesia,NULL
Ike,"SF Bay Area",Transportation,10,0.1400,2020-04-22,"Series A","United States",52
"Magic Leap",Miami,Consumer,1000,0.5000,2020-04-22,"Series E","United States",2600
Nearmap,Sydney,Construction,NULL,0.1000,2020-04-22,Post-IPO,Australia,15
"When I Work",Minneapolis,HR,55,0.3500,2020-04-22,"Series B","United States",24
Bringg,"Tel Aviv",Logistics,10,0.1000,2020-04-21,"Series D",Israel,84
Casper,"New York City",Retail,78,0.2100,2020-04-21,Post-IPO,"United States",339
Freshbooks,Toronto,Finance,38,0.0900,2020-04-21,"Series B",Canada,75
Houzz,"SF Bay Area",Consumer,155,0.1000,2020-04-21,"Series E","United States",613
"Lambda School","SF Bay Area",Education,19,NULL,2020-04-21,"Series B","United States",48
"Lending Club","SF Bay Area",Finance,460,0.3000,2020-04-21,Post-IPO,"United States",392
Patreon,"SF Bay Area",Media,30,0.1300,2020-04-21,"Series D","United States",165
Paytm,"New Delhi",Finance,500,NULL,2020-04-21,Unknown,India,2200
"Politico / Protocol","Washington D.C.",Media,13,NULL,2020-04-21,Unknown,"United States",NULL
RealSelf,Seattle,Healthcare,40,0.1300,2020-04-21,"Series B","United States",42
Swiggy,Bengaluru,Food,800,NULL,2020-04-21,"Series I",India,1600
ConsenSys,"New York City",Crypto,91,0.1400,2020-04-20,Unknown,"United States",10
Forward,"SF Bay Area",Healthcare,10,0.0300,2020-04-20,"Series C","United States",100
GumGum,"Los Angeles",Marketing,90,0.2500,2020-04-20,"Series D","United States",58
Hipcamp,"SF Bay Area",Travel,NULL,0.6000,2020-04-20,"Series B","United States",41
Klook,"Hong Kong",Travel,300,0.1500,2020-04-20,"Series D","Hong Kong",521
"Komodo Health","SF Bay Area",Healthcare,23,0.0900,2020-04-20,"Series C","United States",50
Kueski,Guadalajara,Finance,90,0.3000,2020-04-20,"Series B",Mexico,38
Movidesk,Blumenau,Support,33,0.2500,2020-04-20,Seed,Brazil,1
Zum,"SF Bay Area",Transportation,28,NULL,2020-04-20,"Series C","United States",71
"Motif Investing","SF Bay Area",Finance,NULL,1.0000,2020-04-18,"Series E","United States",126
BitGo,"SF Bay Area",Crypto,NULL,0.1200,2020-04-17,"Series B","United States",69
BlackBuck,Bengaluru,Logistics,200,NULL,2020-04-17,"Series D",India,293
ContaAzul,Joinville,Education,140,0.3500,2020-04-17,"Series D",Brazil,37
Dispatch,Boston,Other,NULL,0.3800,2020-04-17,"Series A","United States",18
"Greenhouse Software","New York City",Recruiting,120,0.2800,2020-04-17,"Series D","United States",110
Labster,Copenhagen,Education,40,NULL,2020-04-17,"Series B",Denmark,34
Loft,"Sao Paulo","Real Estate",47,0.1000,2020-04-17,"Series C",Brazil,263
People.ai,"SF Bay Area",Marketing,30,0.1800,2020-04-17,"Series C","United States",100
QuintoAndar,"Sao Paulo","Real Estate",88,0.0800,2020-04-17,"Series D",Brazil,335
Sweetgreen,"Los Angeles",Food,35,0.1000,2020-04-17,"Series I","United States",478
Tor,Boston,Security,13,0.3700,2020-04-17,Unknown,"United States",1
Zilingo,Singapore,Retail,44,0.0500,2020-04-17,"Series D",Singapore,307
CarGurus,Boston,Transportation,130,0.1300,2020-04-16,Post-IPO,"United States",1
CleverTap,Mumbai,Marketing,60,0.2000,2020-04-16,"Series C",India,76
"Funding Societies",Singapore,Finance,65,0.1800,2020-04-16,"Series B",Singapore,42
Purse,"SF Bay Area",Crypto,NULL,1.0000,2020-04-16,Seed,"United States",1
Akulaku,Jakarta,Finance,100,NULL,2020-04-15,"Series D",Indonesia,160
Carta,"SF Bay Area",Finance,161,0.1600,2020-04-15,"Series E","United States",447
"Dude Solutions",Raleigh,Other,NULL,0.2000,2020-04-15,Acquired,"United States",100
GoPro,"SF Bay Area",Consumer,200,0.2000,2020-04-15,Post-IPO,"United States",288
"Kodiak Robotics","SF Bay Area",Transportation,15,0.2000,2020-04-15,"Series A","United States",40
Opendoor,"SF Bay Area","Real Estate",600,0.3500,2020-04-15,"Series E","United States",1500
Parsable,"SF Bay Area",HR,40,0.2500,2020-04-15,"Series C","United States",72
Shop101,Mumbai,Retail,200,0.4000,2020-04-15,"Series C",India,19
SweetEscape,Jakarta,Consumer,NULL,0.3000,2020-04-15,"Series A",Indonesia,7
"Trove Recommerce","SF Bay Area",Retail,13,NULL,2020-04-15,"Series C","United States",34
"Tulip Retail",Toronto,Retail,14,NULL,2020-04-15,"Series B",Canada,51
Zume,"SF Bay Area",Food,200,0.6700,2020-04-15,Unknown,"United States",423
DataStax,"SF Bay Area",Data,15,NULL,2020-04-14,"Series E","United States",190
Envoy,"SF Bay Area",HR,58,0.3000,2020-04-14,"Series B","United States",59
Skillz,"SF Bay Area",Consumer,21,NULL,2020-04-14,"Series D","United States",132
"The RealReal","SF Bay Area",Retail,235,0.1000,2020-04-14,Post-IPO,"United States",358
TouchBistro,Toronto,Food,131,0.2300,2020-04-14,"Series E",Canada,224
VSCO,"SF Bay Area",Consumer,45,0.3500,2020-04-14,"Series B","United States",90
Xerpa,"Sao Paulo",HR,10,NULL,2020-04-14,Unknown,Brazil,5
Clearbanc,Toronto,Finance,17,0.0800,2020-04-13,"Series B",Canada,119
EasyPost,"SF Bay Area",Logistics,50,0.2500,2020-04-13,"Series A","United States",12
Groupon,Chicago,Retail,2800,0.4400,2020-04-13,Post-IPO,"United States",1400
Neon,"Sao Paulo",Finance,70,0.1000,2020-04-13,"Series B",Brazil,120
Zoox,"SF Bay Area",Transportation,100,0.1000,2020-04-13,"Series B","United States",955
Atsu,Seattle,Infrastructure,6,1.0000,2020-04-10,Unknown,"United States",1
BeeTech,"Sao Paulo",Finance,30,NULL,2020-04-10,"Series B",Brazil,14
"Built In",Chicago,Recruiting,28,NULL,2020-04-10,"Series C","United States",29
Frontdesk,Milwaukee,Travel,35,0.1600,2020-04-10,Unknown,"United States",3
Geekwire,Seattle,Media,5,0.3100,2020-04-10,Unknown,"United States",NULL
"Meow Wolf","Santa Fe",Media,201,NULL,2020-04-10,Unknown,"United States",185
NuoDB,Boston,Data,20,0.2900,2020-04-10,Unknown,"United States",85
Rhumbix,"SF Bay Area",Construction,16,0.2700,2020-04-10,"Series B","United States",35
Clinc,"Ann Arbor",Support,40,0.3200,2020-04-09,"Series B","United States",59
Code42,Minneapolis,Data,25,0.0500,2020-04-09,"Series B","United States",138
Domo,"Salt Lake City",Data,90,0.1000,2020-04-09,Post-IPO,"United States",689
Elliptic,London,Crypto,NULL,0.3000,2020-04-09,"Series B","United Kingdom",40
"Lighthouse Labs",Toronto,Education,14,0.0700,2020-04-09,Unknown,Canada,NULL
LoopMe,London,Marketing,8,0.0400,2020-04-09,Unknown,"United Kingdom",32
Matterport,"SF Bay Area",Data,90,0.3400,2020-04-09,"Series D","United States",114
Mejuri,Toronto,Retail,36,0.1500,2020-04-09,"Series B",Canada,28
Monzo,"Las Vegas",Finance,165,NULL,2020-04-09,"Series F","United States",324
Omie,"Sao Paulo",Finance,136,0.3100,2020-04-09,"Series B",Brazil,26
OneTrust,Atlanta,Legal,150,0.1000,2020-04-09,"Series B","United States",410
Yelp,"SF Bay Area",Consumer,1000,0.1700,2020-04-09,Post-IPO,"United States",56
Button,"New York City",Marketing,48,0.3500,2020-04-08,"Series C","United States",64
BVAccel,"San Diego",Marketing,25,0.2500,2020-04-08,Unknown,"United States",NULL
Connected,Toronto,Product,17,0.1000,2020-04-08,Unknown,Canada,NULL
Creditas,"Sao Paulo",Finance,NULL,0.0600,2020-04-08,"Series D",Brazil,314
"Eden / Managed By Q","New York City","Real Estate",40,0.4000,2020-04-08,"Series B","United States",40
Eventbrite,"SF Bay Area",Consumer,500,0.4500,2020-04-08,Post-IPO,"United States",332
GetNinjas,"Sao Paulo",Consumer,11,0.1000,2020-04-08,"Series B",Brazil,16
Kenoby,"Sao Paulo",Recruiting,18,0.1600,2020-04-08,Unknown,Brazil,23
Lever,"SF Bay Area",Recruiting,86,0.4000,2020-04-08,"Series C","United States",72
Meesho,Bengaluru,Retail,200,0.2800,2020-04-08,"Series D",India,215
Quantcast,"SF Bay Area",Marketing,30,0.0500,2020-04-08,"Series C","United States",65
RedDoorz,Singapore,Travel,NULL,0.1000,2020-04-08,"Series C",Singapore,134
Scoop,"SF Bay Area",Transportation,92,0.3300,2020-04-08,"Series C","United States",95
Spyce,Boston,Food,4,0.1200,2020-04-08,"Series A","United States",26
Unbabel,Lisbon,Support,80,0.3500,2020-04-08,"Series C",Portugal,91
Unison,"SF Bay Area",Finance,89,0.4500,2020-04-08,"Series B","United States",40
VideoAmp,"Los Angeles",Marketing,21,0.1000,2020-04-08,"Series C","United States",106
Zola,"New York City",Retail,NULL,0.2000,2020-04-08,"Series D","United States",140
Away,"New York City",Retail,60,0.1000,2020-04-07,"Series D","United States",181
"Branch Metrics","SF Bay Area",Marketing,100,0.2000,2020-04-07,"Series E","United States",367
ezCater,Boston,Food,400,0.4400,2020-04-07,"Series D","United States",319
"Group Nine Media","New York City",Media,50,0.0700,2020-04-07,Unknown,"United States",190
Ibotta,Denver,Retail,87,0.1500,2020-04-07,"Series D","United States",85
MediaMath,"New York City",Marketing,53,0.0800,2020-04-07,"Private Equity","United States",607
Nav,"Salt Lake City",Finance,30,NULL,2020-04-07,"Series C","United States",99
"Newfront Insurance","SF Bay Area",Finance,94,NULL,2020-04-07,Unknown,"United States",NULL
Payfactors,Boston,HR,46,NULL,2020-04-07,Unknown,"United States",NULL
Redfin,Seattle,"Real Estate",236,0.0700,2020-04-07,Post-IPO,"United States",319
"Sage Therapeutics",Boston,Healthcare,340,0.5300,2020-04-07,Post-IPO,"United States",438
Toast,Boston,Food,1300,0.5000,2020-04-07,"Series F","United States",902
"Virta Health","SF Bay Area",Healthcare,65,NULL,2020-04-07,"Series C","United States",175
Borrowell,Toronto,Finance,15,0.2000,2020-04-06,"Series B",Canada,72
BounceX,"New York City",Marketing,77,0.2000,2020-04-06,"Series B","United States",75
BusBud,Montreal,Transportation,23,0.3200,2020-04-06,"Series B",Canada,21
"C6 Bank","Sao Paulo",Finance,60,0.0600,2020-04-06,Unknown,Brazil,NULL
Cogito,Boston,Support,24,0.1400,2020-04-06,"Series C","United States",92
Metromile,"SF Bay Area",Finance,100,0.3300,2020-04-06,"Series E","United States",293
PerkSpot,Chicago,HR,10,0.1000,2020-04-06,"Private Equity","United States",50
"Rock Content","Belo Horizonte",Marketing,100,0.2000,2020-04-06,"Series A",Brazil,1
Wordstream,Boston,Marketing,26,0.1000,2020-04-06,Acquired,"United States",28
Astra,"SF Bay Area",Aerospace,40,0.2500,2020-04-05,Unknown,"United States",100
Iflix,"Kuala Lumpur",Consumer,50,0.1200,2020-04-04,Unknown,Malaysia,348
Anagram,"Los Angeles",Healthcare,17,NULL,2020-04-03,"Series A","United States",14
"Arrive Logistics",Austin,Logistics,75,0.0700,2020-04-03,"Series B","United States",35
"Avantage Entertainment",Minneapolis,Media,5,0.2000,2020-04-03,Unknown,"United States",NULL
"Bustle Digital Group","New York City",Media,19,NULL,2020-04-03,"Series E","United States",80
"Bustle Digital Group","New York City",Media,24,0.0800,2020-04-03,"Series E","United States",80
D2iQ,"SF Bay Area",Infrastructure,34,0.1300,2020-04-03,"Series D","United States",247
DSCO,"Salt Lake City",Retail,12,NULL,2020-04-03,"Series A","United States",4
"G/O Media Group","New York City",Media,14,0.0500,2020-04-03,Unknown,"United States",NULL
Gympass,"Sao Paulo",Fitness,467,0.3300,2020-04-03,"Series D",Brazil,300
Jetty,"New York City",Finance,35,0.4000,2020-04-03,"Series B","United States",40
MaxMilhas,"Belo Horizonte",Travel,167,0.4200,2020-04-03,Unknown,Brazil,NULL
Minted,"SF Bay Area",Retail,147,0.3700,2020-04-03,"Series E","United States",297
Opencare,Toronto,Healthcare,18,0.2500,2020-04-03,"Series A",Canada,24
Salsify,Boston,Retail,60,0.1300,2020-04-03,"Series D","United States",97
Sojern,"SF Bay Area",Marketing,300,0.5000,2020-04-03,"Series D","United States",162
"The Wing","New York City","Real Estate",NULL,0.5000,2020-04-03,"Series C","United States",117
Traveloka,Jakarta,Travel,100,0.1000,2020-04-03,Unknown,Indonesia,NULL
Tripbam,Dallas,Travel,10,0.2500,2020-04-03,Unknown,"United States",NULL
"Velodyne Lidar","SF Bay Area",Transportation,140,NULL,2020-04-03,Unknown,"United States",225
Zoox,"SF Bay Area",Transportation,120,NULL,2020-04-03,"Series B","United States",955
1stdibs,"New York City",Retail,70,0.1700,2020-04-02,"Series D","United States",253
"Atlanta Tech Village",Atlanta,"Real Estate",NULL,0.5000,2020-04-02,Unknown,"United States",NULL
ClassPass,"New York City",Fitness,154,0.2200,2020-04-02,"Series E","United States",549
"Coding Dojo",Seattle,Education,7,0.0700,2020-04-02,Unknown,"United States",2
Copper,"SF Bay Area",Marketing,35,NULL,2020-04-02,"Series C","United States",102
"Dynamic Signal","SF Bay Area",HR,35,0.1900,2020-04-02,"Series E","United States",114
eGym,Munich,Fitness,100,0.2500,2020-04-02,"Series D",Germany,109
FiscalNote,"Washington D.C.",Media,30,NULL,2020-04-02,"Series D","United States",50
Humu,"SF Bay Area",HR,26,NULL,2020-04-02,"Series B","United States",40
Industrious,"New York City","Real Estate",90,0.2000,2020-04-02,"Series D","United States",222
Instamojo,Bengaluru,Finance,6,0.0600,2020-04-02,Unknown,India,8
Jobcase,Boston,Recruiting,39,0.2000,2020-04-02,"Private Equity","United States",118
Katerra,"SF Bay Area",Construction,240,0.0300,2020-04-02,"Series D","United States",1200
Latch,"New York City",Security,60,NULL,2020-04-02,"Series B","United States",152
MindBody,"San Luis Obispo",Fitness,700,0.3500,2020-04-02,Post-IPO,"United States",114
Ritual,Toronto,Food,196,0.5400,2020-04-02,"Series C",Canada,112
"Sauce Labs","SF Bay Area",Infrastructure,30,0.1500,2020-04-02,Unknown,"United States",151
Shuttl,"New Delhi",Transportation,40,NULL,2020-04-02,"Series C",India,122
Synergysuite,"Salt Lake City",Food,5,0.0700,2020-04-02,"Series A","United States",6
"The Modist",Dubai,Retail,NULL,1.0000,2020-04-02,Unknown,"United Arab Emirates",NULL
"The Predictive Index",Boston,HR,59,0.2500,2020-04-02,Acquired,"United States",65
ThirdLove,"SF Bay Area",Retail,65,0.3000,2020-04-02,"Series B","United States",68
TripleLift,"New York City",Marketing,23,0.0700,2020-04-02,"Series B","United States",16
Voi,Stockholm,Transportation,100,NULL,2020-04-02,"Series B",Sweden,167
Acko,Mumbai,Finance,45,0.0900,2020-04-01,Unknown,India,143
"Aqua Security","Tel Aviv",Security,24,0.0900,2020-04-01,"Series C",Israel,100
Booksy,"SF Bay Area",Consumer,200,NULL,2020-04-01,"Series B","United States",48
Crayon,Boston,Marketing,20,0.2000,2020-04-01,"Series A","United States",16
Earnin,"SF Bay Area",Finance,50,0.2000,2020-04-01,"Series C","United States",190
Flymya,Yangon,Travel,200,0.3300,2020-04-01,Unknown,Myanmar,NULL
Highsnobiety,Berlin,Media,51,0.2500,2020-04-01,"Series A",Germany,9
"Incredible Health","SF Bay Area",Healthcare,9,0.4000,2020-04-01,"Series A","United States",15
"Le Tote","SF Bay Area",Retail,NULL,0.5000,2020-04-01,"Series C","United States",62
Moovel,Portland,Transportation,28,0.3700,2020-04-01,Unknown,"United States",NULL
Pana,Denver,Travel,18,NULL,2020-04-01,"Series A","United States",11
PatientPop,"Los Angeles",Healthcare,100,0.2000,2020-04-01,"Series B","United States",75
Pebblepost,"New York City",Marketing,NULL,0.6000,2020-04-01,"Series C","United States",81
Sensibill,Toronto,Finance,17,0.2000,2020-04-01,"Series B",Canada,50
Showpad,Chicago,Marketing,52,0.1200,2020-04-01,"Series D","United States",159
Usermind,Seattle,Marketing,15,0.2500,2020-04-01,"Series C","United States",46
WhyHotel,"Washington D.C.",Travel,NULL,0.5000,2020-04-01,"Series B","United States",33
Wonolo,"SF Bay Area",Recruiting,46,0.1300,2020-04-01,"Series C","United States",52
AdRoll,"Salt Lake City",Marketing,210,0.3000,2020-03-31,"Series C","United States",89
AngelList,"SF Bay Area",Recruiting,20,NULL,2020-03-31,"Series B","United States",26
DialSource,Sacramento,Marketing,5,0.1400,2020-03-31,"Series B","United States",26
Domio,"New York City",Travel,NULL,0.3000,2020-03-31,"Series B","United States",116
Kazoo,Austin,HR,NULL,0.3500,2020-03-31,"Series A","United States",8
KeepTruckin,"SF Bay Area",Logistics,349,0.1800,2020-03-31,"Series D","United States",227
Rover,Seattle,Consumer,194,0.4100,2020-03-31,"Series G","United States",310
Siteimprove,Minneapolis,Marketing,40,NULL,2020-03-31,Unknown,"United States",55
SkySlope,Sacramento,"Real Estate",50,0.2500,2020-03-31,Acquired,"United States",NULL
Turo,"SF Bay Area",Transportation,108,0.3000,2020-03-31,"Series E","United States",467
uShip,Austin,Logistics,65,0.3700,2020-03-31,"Series D","United States",69
Zenoti,Seattle,Fitness,17,0.0400,2020-03-31,"Series C","United States",91
"Blume Global","SF Bay Area",Logistics,30,0.1000,2020-03-30,Unknown,"United States",NULL
Caliva,"SF Bay Area",Retail,20,NULL,2020-03-30,"Series A","United States",75
Catalant,Boston,Other,30,NULL,2020-03-30,"Series E","United States",110
FabHotels,"New Delhi",Travel,80,0.2000,2020-03-30,"Series B",India,48
Hibob,"Tel Aviv",HR,70,0.3000,2020-03-30,"Series A",Israel,45
"Iris Nova","New York City",Food,9,0.5000,2020-03-30,Seed,"United States",15
Loftsmart,"New York City","Real Estate",25,0.7500,2020-03-30,"Series A","United States",18
Maven,Seattle,Media,31,0.0900,2020-03-30,Post-IPO,"United States",77
PeerStreet,"Los Angeles",Finance,51,0.3000,2020-03-30,"Series C","United States",110
RigUp,Austin,Energy,120,0.2500,2020-03-30,"Series D","United States",423
"Starship Technologies",Tallinn,Transportation,30,NULL,2020-03-30,"Series A",Estonia,82
Thumbtack,"SF Bay Area",Consumer,250,0.3000,2020-03-30,"Series F","United States",423
Amplero,Seattle,Marketing,17,1.0000,2020-03-29,"Series B","United States",25
Polarr,"SF Bay Area",Consumer,10,NULL,2020-03-29,"Series A","United States",13
ZipRecruiter,"Los Angeles",Recruiting,400,0.3900,2020-03-29,"Series B","United States",219
TravelTriangle,Gurugram,Travel,250,0.5000,2020-03-28,"Series D",India,47
WeWork,"New York City","Real Estate",250,NULL,2020-03-28,"Series H","United States",2250
Bench,Vancouver,Finance,47,0.1000,2020-03-27,"Series B",Canada,49
Bevi,Boston,Food,30,0.2000,2020-03-27,"Series C","United States",60
Bird,"Los Angeles",Transportation,406,0.3000,2020-03-27,"Series D","United States",623
Blueground,"New York City","Real Estate",130,0.2500,2020-03-27,"Series B","United States",77
DataRobot,Boston,Data,200,NULL,2020-03-27,"Series E","United States",430
DISCO,Austin,Legal,75,NULL,2020-03-27,"Series E","United States",133
Everlane,"SF Bay Area",Retail,227,NULL,2020-03-27,Unknown,"United States",18
Getaround,"SF Bay Area",Transportation,100,0.2500,2020-03-27,"Series D","United States",403
HOOQ,Singapore,Consumer,250,1.0000,2020-03-27,Unknown,Singapore,95
Knotel,"New York City","Real Estate",127,0.3000,2020-03-27,"Series C","United States",560
Loft,"Sao Paulo","Real Estate",47,NULL,2020-03-27,"Series C",Brazil,263
Mogo,Vancouver,Finance,78,0.3000,2020-03-27,Post-IPO,Canada,201
"Oh My Green","SF Bay Area",Food,40,NULL,2020-03-27,Seed,"United States",20
OneWeb,London,Aerospace,451,0.8500,2020-03-27,Unknown,"United Kingdom",3000
Opal,Portland,Marketing,20,NULL,2020-03-27,"Series B","United States",25
Raken,"San Diego",Construction,60,NULL,2020-03-27,"Series A","United States",12
Restaurant365,"Los Angeles",Food,175,NULL,2020-03-27,"Series C","United States",127
Textio,Seattle,Recruiting,30,0.2000,2020-03-27,Unknown,"United States",41
ThirdLove,"New York City",Retail,10,NULL,2020-03-27,"Series B","United States",68
Zipcar,Boston,Transportation,100,0.2000,2020-03-27,Acquired,"United States",107
B8ta,"SF Bay Area",Retail,250,0.5000,2020-03-26,"Series C","United States",88
Consider.co,"SF Bay Area",Other,13,1.0000,2020-03-26,Seed,"United States",5
Ecobee,Toronto,Energy,47,0.1000,2020-03-26,"Series C",Canada,149
Fareportal,Gurugram,Travel,200,NULL,2020-03-26,Unknown,India,NULL
GoSpotCheck,Denver,Retail,23,0.2000,2020-03-26,"Series B","United States",47
Nativo,"Los Angeles",Marketing,NULL,0.4000,2020-03-26,"Series B","United States",35
Passport,Charlotte,Transportation,44,NULL,2020-03-26,"Series D","United States",123
Peerspace,"SF Bay Area","Real Estate",41,0.7500,2020-03-26,"Series B","United States",34
Puppet,Portland,Infrastructure,50,0.1000,2020-03-26,"Series F","United States",149
Clutter,"Los Angeles",Consumer,NULL,0.3000,2020-03-25,"Series D","United States",296
"Divvy Homes","SF Bay Area","Real Estate",NULL,0.0800,2020-03-25,"Series B","United States",180
"Element Analytics","SF Bay Area",Data,10,NULL,2020-03-25,"Series A","United States",22
Jama,Portland,Product,12,0.0500,2020-03-25,Unknown,"United States",233
Lyric,"SF Bay Area","Real Estate",100,NULL,2020-03-25,"Series B","United States",179
"O'Reilly Media","SF Bay Area",Media,75,0.1500,2020-03-25,Unknown,"United States",NULL
OutboundEngine,Austin,Marketing,52,0.2800,2020-03-25,"Series C","United States",48
Overtime,"New York City",Media,30,0.2300,2020-03-25,"Series B","United States",35
Rangle,Toronto,Product,78,0.3000,2020-03-25,Unknown,Canada,NULL
TripActions,"SF Bay Area",Travel,300,0.2500,2020-03-25,"Series D","United States",981
WanderJaunt,"SF Bay Area",Travel,56,0.2300,2020-03-25,"Series B","United States",26
Wonderschool,"SF Bay Area",Education,50,0.7500,2020-03-25,"Series A","United States",24
Flowr,Toronto,Retail,NULL,0.2500,2020-03-24,Unknown,Canada,NULL
Foodsby,Minneapolis,Food,87,0.6700,2020-03-24,"Series B","United States",20
Peerfit,"Tampa Bay",HR,NULL,0.4000,2020-03-24,Unknown,"United States",47
Sonder,"SF Bay Area",Travel,400,0.3300,2020-03-24,"Series D","United States",359
Takl,Nashville,Consumer,130,NULL,2020-03-24,Unknown,"United States",NULL
TravelBank,"SF Bay Area",Travel,20,NULL,2020-03-24,"Series B","United States",35
"Zeus Living","SF Bay Area","Real Estate",80,0.3000,2020-03-24,"Series B","United States",79
Cabin,"SF Bay Area",Travel,NULL,0.2000,2020-03-23,Seed,"United States",3
Compass,"New York City","Real Estate",375,0.1500,2020-03-23,"Series G","United States",1600
Convene,"New York City","Real Estate",150,0.1800,2020-03-23,"Series D","United States",280
Drip,"Salt Lake City",Marketing,20,NULL,2020-03-23,Acquired,"United States",0
"Eight Sleep","New York City",Retail,NULL,0.2000,2020-03-23,"Series C","United States",70
GrayMeta,"Los Angeles",Data,20,0.4000,2020-03-23,Unknown,"United States",7
"Ladder Life","SF Bay Area",Finance,13,0.2500,2020-03-23,"Series C","United States",94
Leafly,Seattle,Retail,91,0.5000,2020-03-23,Acquired,"United States",2
"The Guild",Austin,Travel,38,0.2200,2020-03-23,"Series B","United States",36
Triplebyte,"SF Bay Area",Recruiting,15,0.1700,2020-03-23,"Series B","United States",48
CTO.ai,Vancouver,Infrastructure,30,0.5000,2020-03-20,Seed,Canada,7
"Flywheel Sports","New York City",Fitness,784,0.9800,2020-03-20,Acquired,"United States",120
Peek,"Salt Lake City",Travel,45,NULL,2020-03-20,"Series B","United States",39
Service,"Los Angeles",Travel,NULL,1.0000,2020-03-20,Seed,"United States",5
Yonder,Austin,Media,18,NULL,2020-03-20,"Series A","United States",16
Bounce,Bengaluru,Transportation,120,NULL,2020-03-19,"Series D",India,214
Ejento,"SF Bay Area",Recruiting,84,1.0000,2020-03-19,Unknown,"United States",NULL
Lola,Boston,Travel,34,NULL,2020-03-19,"Series C","United States",81
Popin,"New York City",Fitness,NULL,1.0000,2020-03-19,Unknown,"United States",13
"Remote Year",Chicago,Travel,50,0.5000,2020-03-19,"Series B","United States",17
Flytedesk,Boulder,Marketing,4,0.2000,2020-03-18,Seed,"United States",4
Help.com,Austin,Support,16,1.0000,2020-03-16,Seed,"United States",6
Inspirato,Denver,Travel,130,0.2200,2020-03-16,"Series C","United States",79
Service,"Los Angeles",Travel,NULL,1.0000,2020-03-16,Seed,"United States",5
HopSkipDrive,"Los Angeles",Transportation,8,0.1000,2020-03-13,Unknown,"United States",45
"Panda Squad","SF Bay Area",Consumer,6,0.7500,2020-03-13,Seed,"United States",1
"Tamara Mellon","Los Angeles",Retail,20,0.4000,2020-03-12,"Series C","United States",90
EasyPost,"Salt Lake City",Logistics,75,NULL,2020-03-11,"Series A","United States",12
Blackbaud,Charleston,Other,500,0.1400,NULL,Post-IPO,"United States",NULL
